0.01,0.290801159
0.02,0.341854805
0.03,0.352780979
0.04,0.355316416
0.05,0.355194414
0.06,0.354075393
0.07,0.352567195
0.08,0.350924001
0.09,0.349260423
0.1,0.348549117
0.11,0.348517867
0.12,0.348486636
0.13,0.348455422
0.14,0.348424226
0.15,0.348393048
0.16,0.348361888
0.17,0.348330746
0.18,0.348299623
0.19,0.348268519
0.2,0.348237434
0.21,0.348206367
0.22,0.34817532
0.23,0.348144292
0.24,0.348113284
0.25,0.348082294
0.26,0.348180711
0.27,0.348279165
0.28,0.348377622
0.29,0.348476098
0.3,0.348574612
0.31,0.348673129
0.32,0.348771684
0.33,0.348870242
0.34,0.348968821
0.35,0.349067437
0.36,0.349166058
0.37,0.349264699
0.38,0.349363378
0.39,0.349462062
0.4,0.349560784
0.41,0.349659511
0.42,0.349758259
0.43,0.349857045
0.44,0.349955853
0.45,0.350054667
0.46,0.350153502
0.47,0.350252376
0.48,0.350351255
0.49,0.350450156
0.5,0.350549097
0.51,0.350648043
0.52,0.350747028
0.53,0.350846019
0.54,0.350945033
0.55,0.351044087
0.56,0.351143146
0.57,0.351242228
0.58,0.35134135
0.59,0.351270531
0.6,0.351199718
0.61,0.351363071
0.62,0.35151805
0.63,0.351673054
0.64,0.35182808
0.65,0.351983113
0.66,0.352138187
0.67,0.352293284
0.68,0.352448405
0.69,0.352603549
0.7,0.352758717
0.71,0.352913909
0.72,0.353069125
0.73,0.353224365
0.74,0.353379629
0.75,0.353534917
0.76,0.353690229
0.77,0.353845549
0.78,0.354000909
0.79,0.354156294
0.8,0.354311703
0.81,0.354467136
0.82,0.354622594
0.83,0.354778076
0.84,0.354933583
0.85,0.355089115
0.86,0.355244654
0.87,0.355400251
0.88,0.35555584
0.89,0.35571147
0.9,0.355867125
0.91,0.358287021
0.92,0.36554671
0.93,0.37819563
0.94,0.392603935
0.95,0.40701224
0.96,0.421420545
0.97,0.43582885
0.98,0.450237155
0.99,0.46464546
1.0,0.479053765
1.01,0.49346207
1.02,0.507870375
1.03,0.52227868
1.04,0.536686985
1.05,0.55109529
1.06,0.550467102
1.07,0.549848533
1.08,0.549239353
1.09,0.548639297
1.1,0.548048164
1.11,0.547465658
1.12,0.546891595
1.13,0.546325701
1.14,0.545824354
1.15,0.545379016
1.16,0.544446755
1.17,0.543531717
1.18,0.542650101
1.19,0.541597009
1.2,0.539979557
1.21,0.538361421
1.22,0.53677724
1.23,0.535226136
1.24,0.533707375
1.25,0.532220319
1.26,0.530764409
1.27,0.529339134
1.28,0.527944046
1.29,0.526578693
1.3,0.525242737
1.31,0.523935809
1.32,0.522657574
1.33,0.521407738
1.34,0.52018602
1.35,0.51899216
1.36,0.517825899
1.37,0.516686996
1.38,0.515575258
1.39,0.51449046
1.4,0.513432399
1.41,0.512400891
1.42,0.511395781
1.43,0.510416894
1.44,0.50946406
1.45,0.50853714
1.46,0.507636001
1.47,0.506760484
1.48,0.505910499
1.49,0.505085913
1.5,0.504286617
1.51,0.503512459
1.52,0.502763418
1.53,0.502039335
1.54,0.501340171
1.55,0.500665802
1.56,0.500016172
1.57,0.499391204
1.58,0.498406354
1.59,0.496722752
1.6,0.495052424
1.61,0.493395006
1.62,0.491750187
1.63,0.490117623
1.64,0.488497017
1.65,0.486888052
1.66,0.485290489
1.67,0.483704016
1.68,0.48212842
1.69,0.480563383
1.7,0.479008737
1.71,0.477464212
1.72,0.475929598
1.73,0.474404672
1.74,0.47288924
1.75,0.4713831
1.76,0.469886053
1.77,0.468397952
1.78,0.466918592
1.79,0.465447788
1.8,0.46398539
1.81,0.462531258
1.82,0.461085213
1.83,0.459647123
1.84,0.458216802
1.85,0.456794182
1.86,0.455379087
1.87,0.453971399
1.88,0.452570957
1.89,0.451177692
1.9,0.449791449
1.91,0.448412127
1.92,0.447039597
1.93,0.445673774
1.94,0.444314555
1.95,0.44296182
1.96,0.441615471
1.97,0.440275423
1.98,0.438883685
1.99,0.437498046
2.0,0.436118427
2.01,0.434868816
2.02,0.433620276
2.03,0.432379198
2.04,0.43114548
2.05,0.429919009
2.06,0.428699725
2.07,0.42748755
2.08,0.426282379
2.09,0.425084106
2.1,0.4238927
2.11,0.422708059
2.12,0.421530094
2.13,0.420358726
2.14,0.419193912
2.15,0.418035562
2.16,0.416883593
2.17,0.415737935
2.18,0.414598556
2.19,0.413465352
2.2,0.412338259
2.21,0.411217223
2.22,0.410102181
2.23,0.408993064
2.24,0.407889828
2.25,0.406792369
2.26,0.405700681
2.27,0.404614687
2.28,0.403534316
2.29,0.4024595
2.3,0.401390226
2.31,0.400326399
2.32,0.399267991
2.33,0.398214922
2.34,0.397167156
2.35,0.396124643
2.36,0.395087327
2.37,0.394055126
2.38,0.393028044
2.39,0.392006005
2.4,0.390988948
2.41,0.389976835
2.42,0.388969615
2.43,0.38796724
2.44,0.386969668
2.45,0.385976832
2.46,0.38516432
2.47,0.384356472
2.48,0.383553222
2.49,0.382754516
2.5,0.381960347
2.51,0.381170646
2.52,0.380385358
2.53,0.37960445
2.54,0.378827869
2.55,0.378055589
2.56,0.377287547
2.57,0.376523689
2.58,0.375763996
2.59,0.375008415
2.6,0.374256894
2.61,0.373509393
2.62,0.37276588
2.63,0.372026295
2.64,0.371290594
2.65,0.370558737
2.66,0.369830699
2.67,0.369106421
2.68,0.36838586
2.69,0.367668966
2.7,0.366955704
2.71,0.366246036
2.72,0.365539919
2.73,0.364837303
2.74,0.364138143
2.75,0.36344241
2.76,0.362750038
2.77,0.36206102
2.78,0.361375284
2.79,0.360692798
2.8,0.360013517
2.81,0.359337393
2.82,0.358664396
2.83,0.357994484
2.84,0.357327606
2.85,0.356663718
2.86,0.356002794
2.87,0.355344772
2.88,0.354689611
2.89,0.354037278
2.9,0.353387733
2.91,0.352740936
2.92,0.352096836
2.93,0.351455379
2.94,0.350816545
2.95,0.350180277
2.96,0.349546548
2.97,0.348915296
2.98,0.348286495
2.99,0.347660085
3.0,0.347036045
3.01,0.346447224
3.02,0.345907704
3.03,0.345369959
3.04,0.344833976
3.05,0.344299783
3.06,0.343767342
3.07,0.343236682
3.08,0.342707791
3.09,0.34218067
3.1,0.341655317
3.11,0.341131739
3.12,0.340609921
3.13,0.340089877
3.14,0.33957159
3.15,0.339055074
3.16,0.338540327
3.17,0.338027336
3.18,0.3375161
3.19,0.337006636
3.2,0.336498922
3.21,0.335992966
3.22,0.335488757
3.23,0.334986308
3.24,0.334485611
3.25,0.333986662
3.26,0.333489451
3.27,0.332993991
3.28,0.332500261
3.29,0.332008289
3.3,0.331518031
3.31,0.331029521
3.32,0.330542744
3.33,0.330057681
3.34,0.329574349
3.35,0.32909274
3.36,0.328612854
3.37,0.328134676
3.38,0.327658219
3.39,0.327183467
3.4,0.326710419
3.41,0.326239072
3.42,0.325769423
3.43,0.325301469
3.44,0.324835213
3.45,0.32437064
3.46,0.323907753
3.47,0.323446546
3.48,0.322987011
3.49,0.322529154
3.5,0.322072965
3.51,0.321618425
3.52,0.32116556
3.53,0.320714344
3.54,0.320264771
3.55,0.319816867
3.56,0.319370591
3.57,0.318925941
3.58,0.318482942
3.59,0.318041555
3.6,0.317601787
3.61,0.317163658
3.62,0.316727128
3.63,0.316292223
3.64,0.315858905
3.65,0.315427183
3.66,0.314997068
3.67,0.314568527
3.68,0.314141578
3.69,0.313716211
3.7,0.313292401
3.71,0.312870171
3.72,0.312449495
3.73,0.312030377
3.74,0.311612823
3.75,0.3111968
3.76,0.310782312
3.77,0.310369371
3.78,0.30995795
3.79,0.309548062
3.8,0.309139686
3.81,0.308732814
3.82,0.308327456
3.83,0.307923597
3.84,0.30752122
3.85,0.307120341
3.86,0.306699546
3.87,0.306280222
3.88,0.305862353
3.89,0.305445956
3.9,0.305031028
3.91,0.304617537
3.92,0.304205497
3.93,0.303794903
3.94,0.303385731
3.95,0.302978
3.96,0.302571672
3.97,0.302166759
3.98,0.301763269
3.99,0.301361164
4.0,0.300960466
4.01,0.300572762
4.02,0.300186409
4.03,0.299801398
4.04,0.299417709
4.05,0.299035353
4.06,0.298654323
4.07,0.298274591
4.08,0.297896183
4.09,0.297519058
4.1,0.297143229
4.11,0.29676869
4.12,0.296395432
4.13,0.296023453
4.14,0.295652738
4.15,0.295283285
4.16,0.294915084
4.17,0.294548141
4.18,0.294182421
4.19,0.293817961
4.2,0.293454715
4.21,0.293092687
4.22,0.292731882
4.23,0.29237228
4.24,0.292013889
4.25,0.291656691
4.26,0.29130067
4.27,0.290945848
4.28,0.290592181
4.29,0.290239692
4.3,0.289888373
4.31,0.289538189
4.32,0.289189174
4.33,0.288841291
4.34,0.288494534
4.35,0.288148917
4.36,0.287804411
4.37,0.287461013
4.38,0.287118733
4.39,0.286782715
4.4,0.286459631
4.41,0.286137287
4.42,0.285815676
4.43,0.285494816
4.44,0.285174672
4.45,0.284855249
4.46,0.284536566
4.47,0.284218587
4.48,0.283901327
4.49,0.283584777
4.5,0.283268913
4.51,0.282953768
4.52,0.282639306
4.53,0.282325532
4.54,0.282012454
4.55,0.281700045
4.56,0.28138832
4.57,0.281077247
4.58,0.28076685
4.59,0.280457115
4.6,0.280148039
4.61,0.279839594
4.62,0.279531818
4.63,0.279224673
4.64,0.27891817
4.65,0.278612288
4.66,0.278307026
4.67,0.2780024
4.68,0.277698382
4.69,0.27739496
4.7,0.277092168
4.71,0.276789949
4.72,0.276488353
4.73,0.276187321
4.74,0.27588688
4.75,0.275587034
4.76,0.275287737
4.77,0.274989016
4.78,0.274690867
4.79,0.274393262
4.8,0.274096217
4.81,0.273799717
4.82,0.273503745
4.83,0.273208333
4.84,0.272913436
4.85,0.272619055
4.86,0.272325214
4.87,0.272031875
4.88,0.271739047
4.89,0.27144671
4.9,0.271154881
4.91,0.270863548
4.92,0.270572688
4.93,0.270282303
4.94,0.269992414
4.95,0.269702978
4.96,0.269414016
4.97,0.269125505
4.98,0.268837439
4.99,0.268549832
5.0,0.268262651
5.01,0.268024682
5.02,0.267751508
5.03,0.267478994
5.04,0.267207156
5.05,0.266935949
5.06,0.266665383
5.07,0.266395466
5.08,0.266126172
5.09,0.265857492
5.1,0.265589421
5.11,0.265321959
5.12,0.265055093
5.13,0.264788811
5.14,0.264523119
5.15,0.264257995
5.16,0.263993436
5.17,0.263729445
5.18,0.26346599
5.19,0.263203077
5.2,0.262940708
5.21,0.262678865
5.22,0.262417533
5.23,0.262156732
5.24,0.261896417
5.25,0.261636616
5.26,0.261377287
5.27,0.261118451
5.28,0.260860099
5.29,0.260602194
5.3,0.26034476
5.31,0.26008778
5.32,0.259831236
5.33,0.259575129
5.34,0.259319454
5.35,0.259064204
5.36,0.25880937
5.37,0.258554943
5.38,0.258300902
5.39,0.258047273
5.4,0.257794012
5.41,0.25754114
5.42,0.257288633
5.43,0.25703648
5.44,0.256784696
5.45,0.256533254
5.46,0.256282144
5.47,0.256031381
5.48,0.255780929
5.49,0.255530798
5.5,0.255280981
5.51,0.255031462
5.52,0.254782244
5.53,0.25453331
5.54,0.254284652
5.55,0.254036281
5.56,0.253788165
5.57,0.253540309
5.58,0.253292704
5.59,0.253045345
5.6,0.252798223
5.61,0.252551324
5.62,0.252304644
5.63,0.252058195
5.64,0.251811932
5.65,0.251565893
5.66,0.251320026
5.67,0.25107434
5.68,0.250828851
5.69,0.250583521
5.7,0.25033835
5.71,0.250093345
5.72,0.249848487
5.73,0.249603766
5.74,0.249359183
5.75,0.249114719
5.76,0.24887039
5.77,0.248626158
5.78,0.248382033
5.79,0.248138014
5.8,0.247894075
5.81,0.247650231
5.82,0.247406451
5.83,0.247162751
5.84,0.246919103
5.85,0.246675517
5.86,0.246431963
5.87,0.246188478
5.88,0.245944995
5.89,0.245701561
5.9,0.245458135
5.91,0.245214714
5.92,0.244971305
5.93,0.244727896
5.94,0.244484479
5.95,0.244241036
5.96,0.243997562
5.97,0.243754068
5.98,0.243510536
5.99,0.24326695
6.0,0.243023326
6.01,0.242798033
6.02,0.242593949
6.03,0.242390256
6.04,0.242186958
6.05,0.241984056
6.06,0.241781539
6.07,0.241579412
6.08,0.24137768
6.09,0.241176327
6.1,0.240975365
6.11,0.24077479
6.12,0.240574592
6.13,0.240374779
6.14,0.240175341
6.15,0.239976286
6.16,0.239777613
6.17,0.239579299
6.18,0.239381375
6.19,0.23918382
6.2,0.23898663
6.21,0.238789827
6.22,0.238593378
6.23,0.238397303
6.24,0.238201599
6.25,0.238006256
6.26,0.237811272
6.27,0.237616657
6.28,0.237422399
6.29,0.237228507
6.3,0.237034969
6.31,0.236841785
6.32,0.236648965
6.33,0.236456494
6.34,0.236264384
6.35,0.236072614
6.36,0.2358812
6.37,0.235686964
6.38,0.235490313
6.39,0.235294057
6.4,0.235098194
6.41,0.234902722
6.42,0.234707652
6.43,0.234512962
6.44,0.23431866
6.45,0.234124747
6.46,0.233931209
6.47,0.233738067
6.48,0.233545299
6.49,0.233352914
6.5,0.233160911
6.51,0.232969279
6.52,0.232778018
6.53,0.232587145
6.54,0.232396631
6.55,0.232206492
6.56,0.232016729
6.57,0.231827321
6.58,0.231638297
6.59,0.231449625
6.6,0.231261314
6.61,0.231073373
6.62,0.230885793
6.63,0.230698569
6.64,0.230511705
6.65,0.230325195
6.66,0.230139051
6.67,0.229953239
6.68,0.229767792
6.69,0.229582697
6.7,0.229397944
6.71,0.22921355
6.72,0.229029495
6.73,0.228845788
6.74,0.228662429
6.75,0.228479405
6.76,0.228296726
6.77,0.228114392
6.78,0.227932391
6.79,0.227750722
6.8,0.227569393
6.81,0.227388395
6.82,0.227207746
6.83,0.227027416
6.84,0.226847412
6.85,0.226667756
6.86,0.226488414
6.87,0.226309397
6.88,0.226130714
6.89,0.225952353
6.9,0.225774313
6.91,0.225596595
6.92,0.225419196
6.93,0.225242126
6.94,0.225065363
6.95,0.224888928
6.96,0.2247128
6.97,0.224536986
6.98,0.224361496
6.99,0.224186309
7.0,0.224020447
7.01,0.223873607
7.02,0.223727228
7.03,0.223581296
7.04,0.223435793
7.05,0.223290744
7.06,0.223146139
7.07,0.223001967
7.08,0.222858224
7.09,0.222714932
7.1,0.222572066
7.11,0.222429626
7.12,0.222287622
7.13,0.222146049
7.14,0.222004889
7.15,0.221864168
7.16,0.221723865
7.17,0.221583969
7.18,0.22144451
7.19,0.221305462
7.2,0.221166829
7.21,0.221028606
7.22,0.220890812
7.23,0.220753418
7.24,0.220616418
7.25,0.220479845
7.26,0.220343675
7.27,0.220207888
7.28,0.220072531
7.29,0.219937564
7.3,0.219802974
7.31,0.219668811
7.32,0.219535034
7.33,0.21940164
7.34,0.21926865
7.35,0.21913606
7.36,0.21900384
7.37,0.218872008
7.38,0.218740574
7.39,0.218609526
7.4,0.218478851
7.41,0.218348561
7.42,0.21821865
7.43,0.21808911
7.44,0.217959951
7.45,0.217831179
7.46,0.217702762
7.47,0.217574733
7.48,0.217447065
7.49,0.217319761
7.5,0.217192838
7.51,0.21706202
7.52,0.216931581
7.53,0.216801531
7.54,0.216671877
7.55,0.216542588
7.56,0.216413673
7.57,0.21628514
7.58,0.216156989
7.59,0.216029209
7.6,0.215901807
7.61,0.215774774
7.62,0.215648094
7.63,0.215521802
7.64,0.215395881
7.65,0.215270303
7.66,0.215145106
7.67,0.215020278
7.68,0.214895789
7.69,0.214771678
7.7,0.214647921
7.71,0.214524521
7.72,0.214401462
7.73,0.214278775
7.74,0.214156441
7.75,0.214034435
7.76,0.213912808
7.77,0.213791518
7.78,0.213670564
7.79,0.213549974
7.8,0.213429719
7.81,0.213309805
7.82,0.213190234
7.83,0.213071001
7.84,0.212952107
7.85,0.212833552
7.86,0.212715343
7.87,0.212597459
7.88,0.212479909
7.89,0.212362693
7.9,0.212245808
7.91,0.212129244
7.92,0.212013019
7.93,0.211897123
7.94,0.211781544
7.95,0.211666292
7.96,0.211551375
7.97,0.211436752
7.98,0.211322471
7.99,0.211208513
8.0,0.211094864
8.01,0.210981536
8.02,0.210868516
8.03,0.210755825
8.04,0.210643429
8.05,0.210531359
8.06,0.210419602
8.07,0.21030814
8.08,0.210196998
8.09,0.21008616
8.1,0.20997562
8.11,0.209865399
8.12,0.209755477
8.13,0.209645852
8.14,0.209536533
8.15,0.209427528
8.16,0.209318808
8.17,0.209210379
8.18,0.209102263
8.19,0.20899443
8.2,0.208886895
8.21,0.208779659
8.22,0.20867271
8.23,0.20856605
8.24,0.208459685
8.25,0.208353615
8.26,0.208247819
8.27,0.208142317
8.28,0.208037107
8.29,0.207932168
8.3,0.207827528
8.31,0.207723169
8.32,0.207619087
8.33,0.207515272
8.34,0.207411755
8.35,0.207308514
8.36,0.207205546
8.37,0.207102854
8.38,0.207000444
8.39,0.206898294
8.4,0.206796437
8.41,0.206694838
8.42,0.20659351
8.43,0.20649246
8.44,0.206391678
8.45,0.20629116
8.46,0.20619091
8.47,0.206090934
8.48,0.205991223
8.49,0.205891764
8.5,0.205792576
8.51,0.205693651
8.52,0.205594977
8.53,0.205496581
8.54,0.205398434
8.55,0.205300546
8.56,0.205202913
8.57,0.205105549
8.58,0.205008429
8.59,0.204911562
8.6,0.20481496
8.61,0.204718601
8.62,0.204622503
8.63,0.204526648
8.64,0.204431052
8.65,0.204335698
8.66,0.20424059
8.67,0.204145741
8.68,0.204051128
8.69,0.203956764
8.7,0.203862644
8.71,0.203768769
8.72,0.203675139
8.73,0.203581751
8.74,0.203488596
8.75,0.203395693
8.76,0.203303029
8.77,0.203210587
8.78,0.203118405
8.79,0.203026451
8.8,0.202934734
8.81,0.202843244
8.82,0.202752003
8.83,0.202660985
8.84,0.202570203
8.85,0.202479654
8.86,0.202389339
8.87,0.202299237
8.88,0.202209388
8.89,0.202119758
8.9,0.20203035
8.91,0.201941171
8.92,0.201852232
8.93,0.201763511
8.94,0.201674997
8.95,0.20158673
8.96,0.201498679
8.97,0.201410844
8.98,0.201323244
8.99,0.201235857
9.0,0.201148685
9.01,0.201061734
9.02,0.200975006
9.03,0.20088849
9.04,0.200802193
9.05,0.200716127
9.06,0.20063026
9.07,0.200544612
9.08,0.200459172
9.09,0.200373959
9.1,0.200288943
9.11,0.200204152
9.12,0.200119567
9.13,0.200035177
9.14,0.19995102
9.15,0.199867067
9.16,0.199783306
9.17,0.199699767
9.18,0.199616431
9.19,0.199533295
9.2,0.199450379
9.21,0.199367662
9.22,0.199285134
9.23,0.199202824
9.24,0.199120722
9.25,0.199038817
9.26,0.198957098
9.27,0.198875596
9.28,0.198794287
9.29,0.198713174
9.3,0.198632264
9.31,0.198551558
9.32,0.198471035
9.33,0.198390713
9.34,0.198310593
9.35,0.198230664
9.36,0.198150925
9.37,0.198071385
9.38,0.197992035
9.39,0.197912884
9.4,0.19783392
9.41,0.197755143
9.42,0.197676554
9.43,0.19759817
9.44,0.197519962
9.45,0.197441939
9.46,0.19736412
9.47,0.197286476
9.48,0.197209015
9.49,0.197131756
9.5,0.197054669
9.51,0.196977765
9.52,0.196901061
9.53,0.196824527
9.54,0.196748175
9.55,0.196672011
9.56,0.196596026
9.57,0.196520229
9.58,0.196444599
9.59,0.196369168
9.6,0.196293903
9.61,0.196218815
9.62,0.196143911
9.63,0.196069183
9.64,0.195994619
9.65,0.19592025
9.66,0.195846053
9.67,0.19577202
9.68,0.195698169
9.69,0.1956245
9.7,0.195550993
9.71,0.195477657
9.72,0.1954045
9.73,0.195331524
9.74,0.195258697
9.75,0.195186059
9.76,0.195113588
9.77,0.195041277
9.78,0.194969142
9.79,0.194897174
9.8,0.194825373
9.81,0.194753738
9.82,0.194682277
9.83,0.194610972
9.84,0.194539841
9.85,0.194468873
9.86,0.19439806
9.87,0.19432743
9.88,0.194256951
9.89,0.194186634
9.9,0.194116479
9.91,0.194046496
9.92,0.193976671
9.93,0.193906998
9.94,0.193837485
9.95,0.19376815
9.96,0.193698953
9.97,0.193629925
9.98,0.193561055
9.99,0.193492342
10.0,0.193423786
10.01,0.193405166
10.02,0.193383741
10.03,0.193362363
10.04,0.193341064
10.05,0.193319822
10.06,0.193298618
10.07,0.193277491
10.08,0.193256412
10.09,0.193235389
10.1,0.193214432
10.11,0.193193523
10.12,0.193172671
10.13,0.193151884
10.14,0.193131144
10.15,0.19311046
10.16,0.193089832
10.17,0.19306927
10.18,0.193048753
10.19,0.193028291
10.2,0.193007885
10.21,0.192987543
10.22,0.192967237
10.23,0.192947006
10.24,0.192926819
10.25,0.192906676
10.26,0.192886598
10.27,0.192866584
10.28,0.192846604
10.29,0.192826678
10.3,0.192806815
10.31,0.192787005
10.32,0.19276724
10.33,0.192747538
10.34,0.192727878
10.35,0.192708272
10.36,0.192688718
10.37,0.192669217
10.38,0.192649768
10.39,0.192630372
10.4,0.192611018
10.41,0.192591726
10.42,0.192572475
10.43,0.192553287
10.44,0.192534131
10.45,0.192515036
10.46,0.192496002
10.47,0.192477
10.48,0.192458048
10.49,0.192439157
10.5,0.192420316
10.51,0.192401507
10.52,0.192382769
10.53,0.19236407
10.54,0.192345411
10.55,0.192326803
10.56,0.192308255
10.57,0.192289737
10.58,0.192271288
10.59,0.192252878
10.6,0.192234508
10.61,0.192216198
10.62,0.192197927
10.63,0.192179694
10.64,0.192161521
10.65,0.192143395
10.66,0.19212532
10.67,0.192107282
10.68,0.192089293
10.69,0.192071351
10.7,0.192053448
10.71,0.192035593
10.72,0.192017796
10.73,0.192000027
10.74,0.191982315
10.75,0.19196465
10.76,0.191947013
10.77,0.191929443
10.78,0.1919119
10.79,0.191894404
10.8,0.191876965
10.81,0.191859563
10.82,0.191842208
10.83,0.191824888
10.84,0.191807626
10.85,0.191790389
10.86,0.191773209
10.87,0.191756064
10.88,0.191738976
10.89,0.191721913
10.9,0.191704905
10.91,0.191687934
10.92,0.191671007
10.93,0.191654117
10.94,0.191637281
10.95,0.19162048
10.96,0.191603725
10.97,0.191587013
10.98,0.191570338
10.99,0.191553706
11.0,0.191537109
11.01,0.191520566
11.02,0.191504057
11.03,0.191487583
11.04,0.191471163
11.05,0.191454768
11.06,0.191438425
11.07,0.191422127
11.08,0.191405851
11.09,0.19138963
11.1,0.191373452
11.11,0.191357307
11.12,0.191341205
11.13,0.191325136
11.14,0.191309111
11.15,0.191293127
11.16,0.191277177
11.17,0.19126127
11.18,0.191245395
11.19,0.191229572
11.2,0.191213783
11.21,0.191198025
11.22,0.191182319
11.23,0.191166645
11.24,0.191150993
11.25,0.191135403
11.26,0.191119844
11.27,0.191104318
11.28,0.191088823
11.29,0.191073379
11.3,0.191057977
11.31,0.191042596
11.32,0.191027265
11.33,0.191011966
11.34,0.190996698
11.35,0.190981471
11.36,0.190966295
11.37,0.190951129
11.38,0.190936022
11.39,0.190920937
11.4,0.190905893
11.41,0.190890888
11.42,0.190875925
11.43,0.19086099
11.44,0.190846085
11.45,0.190831221
11.46,0.190816397
11.47,0.190801602
11.48,0.190786846
11.49,0.190772121
11.5,0.190757434
11.51,0.190742786
11.52,0.190728169
11.53,0.19071358
11.54,0.19069904
11.55,0.190684529
11.56,0.190670047
11.57,0.190655604
11.58,0.190641189
11.59,0.190626813
11.6,0.190612475
11.61,0.190598166
11.62,0.190583895
11.63,0.190569643
11.64,0.190555439
11.65,0.190541272
11.66,0.190527124
11.67,0.190513024
11.68,0.19049895
11.69,0.190484895
11.7,0.190470899
11.71,0.190456928
11.72,0.190442976
11.73,0.190429061
11.74,0.190415194
11.75,0.190401353
11.76,0.190387531
11.77,0.190373754
11.78,0.190360004
11.79,0.190346282
11.8,0.190332606
11.81,0.190318947
11.82,0.190305325
11.83,0.190291739
11.84,0.190278179
11.85,0.190264646
11.86,0.190251161
11.87,0.19023769
11.88,0.190224256
11.89,0.190210858
11.9,0.190197485
11.91,0.190184139
11.92,0.190170829
11.93,0.190157554
11.94,0.190144305
11.95,0.190131082
11.96,0.190117894
11.97,0.190104742
11.98,0.190091605
11.99,0.190078513
12.0,0.190065446
12.01,0.190052405
12.02,0.190039399
12.03,0.190026418
12.04,0.190013471
12.05,0.190000549
12.06,0.189987663
12.07,0.189974801
12.08,0.189961964
12.09,0.18994916
12.1,0.189936392
12.11,0.189923639
12.12,0.189910929
12.13,0.189898244
12.14,0.189885582
12.15,0.189872955
12.16,0.189860352
12.17,0.189847773
12.18,0.189835227
12.19,0.189822716
12.2,0.189810229
12.21,0.189797765
12.22,0.189785335
12.23,0.189772927
12.24,0.189760545
12.25,0.189748205
12.26,0.189735888
12.27,0.189723586
12.28,0.189711325
12.29,0.189699078
12.3,0.189686864
12.31,0.189674684
12.32,0.189662526
12.33,0.189650391
12.34,0.189638288
12.35,0.189626219
12.36,0.189614172
12.37,0.189602138
12.38,0.189590146
12.39,0.189578177
12.4,0.189566231
12.41,0.189554316
12.42,0.189542424
12.43,0.189530554
12.44,0.189518726
12.45,0.189506911
12.46,0.189495118
12.47,0.189483366
12.48,0.189471626
12.49,0.189459918
12.5,0.189448232
12.51,0.189436577
12.52,0.189424954
12.53,0.189413343
12.54,0.189401763
12.55,0.189390204
12.56,0.189378667
12.57,0.189367172
12.58,0.189355688
12.59,0.189344235
12.6,0.189332803
12.61,0.189321402
12.62,0.189310013
12.63,0.189298664
12.64,0.189287335
12.65,0.189276019
12.66,0.189264743
12.67,0.189253487
12.68,0.189242252
12.69,0.189231038
12.7,0.189219853
12.71,0.189208701
12.72,0.189197558
12.73,0.189186445
12.74,0.189175363
12.75,0.189164291
12.76,0.18915325
12.77,0.189142239
12.78,0.189131237
12.79,0.189120266
12.8,0.189109324
12.81,0.189098393
12.82,0.189087491
12.83,0.18907662
12.84,0.189065768
12.85,0.189054935
12.86,0.189044133
12.87,0.18903335
12.88,0.189022587
12.89,0.189011842
12.9,0.189001138
12.91,0.188990433
12.92,0.188979766
12.93,0.18896912
12.94,0.188958493
12.95,0.188947894
12.96,0.188937315
12.97,0.188926766
12.98,0.188916224
12.99,0.188905712
13.0,0.188895219
13.01,0.188884754
13.02,0.188874309
13.03,0.188863882
13.04,0.188853473
13.05,0.188843094
13.06,0.188832743
13.07,0.1888224
13.08,0.188812086
13.09,0.188801791
13.1,0.188791514
13.11,0.188781265
13.12,0.188771045
13.13,0.188760833
13.14,0.188750639
13.15,0.188740482
13.16,0.188730334
13.17,0.188720205
13.18,0.188710112
13.19,0.188700029
13.2,0.188689962
13.21,0.188679924
13.22,0.188669914
13.23,0.188659911
13.24,0.188649936
13.25,0.188639978
13.26,0.188630038
13.27,0.188620126
13.28,0.188610231
13.29,0.188600363
13.3,0.188590504
13.31,0.188580671
13.32,0.188570866
13.33,0.188561068
13.34,0.188551296
13.35,0.188541543
13.36,0.188531806
13.37,0.188522097
13.38,0.188512405
13.39,0.188502729
13.4,0.188493071
13.41,0.188483449
13.42,0.188473824
13.43,0.188464236
13.44,0.188454665
13.45,0.18844511
13.46,0.188435572
13.47,0.18842605
13.48,0.188416556
13.49,0.188407078
13.5,0.188397616
13.51,0.188388181
13.52,0.188378762
13.53,0.18836936
13.54,0.188359983
13.55,0.188350613
13.56,0.18834127
13.57,0.188331952
13.58,0.188322641
13.59,0.188313355
13.6,0.188304087
13.61,0.188294833
13.62,0.188285605
13.63,0.188276394
13.64,0.188267199
13.65,0.18825802
13.66,0.188248866
13.67,0.188239728
13.68,0.188230605
13.69,0.188221508
13.7,0.188212417
13.71,0.188203351
13.72,0.188194302
13.73,0.188185278
13.74,0.188176259
13.75,0.188167265
13.76,0.188158296
13.77,0.188149344
13.78,0.188140397
13.79,0.188131475
13.8,0.188122568
13.81,0.188113686
13.82,0.188104809
13.83,0.188095967
13.84,0.188087121
13.85,0.188078309
13.86,0.188069513
13.87,0.188060732
13.88,0.188051965
13.89,0.188043223
13.9,0.188034496
13.91,0.188025775
13.92,0.188017087
13.93,0.188008405
13.94,0.187999736
13.95,0.187991093
13.96,0.187982474
13.97,0.18797386
13.98,0.187965271
13.99,0.187956686
14.0,0.187948135
14.01,0.187939589
14.02,0.187931057
14.03,0.18792255
14.04,0.187914056
14.05,0.187905587
14.06,0.187897123
14.07,0.187888682
14.08,0.187880246
14.09,0.187871844
14.1,0.187863446
14.11,0.187855072
14.12,0.187846712
14.13,0.187838366
14.14,0.187830034
14.15,0.187821715
14.16,0.187813421
14.17,0.18780514
14.18,0.187796873
14.19,0.187788631
14.2,0.187780402
14.21,0.187772176
14.22,0.187763974
14.23,0.187755796
14.24,0.187747622
14.25,0.18773947
14.26,0.187731332
14.27,0.187723208
14.28,0.187715098
14.29,0.187707011
14.3,0.187698937
14.31,0.187690876
14.32,0.187682829
14.33,0.187674806
14.34,0.187666786
14.35,0.187658787
14.36,0.187650804
14.37,0.187642832
14.38,0.187634885
14.39,0.187626949
14.4,0.187619018
14.41,0.187611109
14.42,0.187603223
14.43,0.18759534
14.44,0.187587481
14.45,0.187579633
14.46,0.1875718
14.47,0.187563979
14.48,0.18755617
14.49,0.187548385
14.5,0.187540621
14.51,0.187532861
14.52,0.187525113
14.53,0.187517378
14.54,0.187509656
14.55,0.187501956
14.56,0.187494279
14.57,0.187486604
14.58,0.187478952
14.59,0.187471302
14.6,0.187463674
14.61,0.187456059
14.62,0.187448457
14.63,0.187440876
14.64,0.187433308
14.65,0.187425752
14.66,0.1874182
14.67,0.187410677
14.68,0.187403159
14.69,0.187395662
14.7,0.187388176
14.71,0.187380704
14.72,0.187373233
14.73,0.187365794
14.74,0.187358358
14.75,0.187350942
14.76,0.18734354
14.77,0.187336159
14.78,0.18732878
14.79,0.187321413
14.8,0.187314057
14.81,0.187306724
14.82,0.187299402
14.83,0.187292102
14.84,0.187284804
14.85,0.187277517
14.86,0.187270252
14.87,0.187262999
14.88,0.187255757
14.89,0.187248526
14.9,0.187241318
14.91,0.187234121
14.92,0.187226915
14.93,0.187219751
14.94,0.187212588
14.95,0.187205446
14.96,0.187198306
14.97,0.187191187
14.98,0.18718407
14.99,0.187176974
15.0,0.187169889
15.01,0.187162825
15.02,0.187155763
15.03,0.187148722
15.04,0.187141682
15.05,0.187134663
15.06,0.187127655
15.07,0.187120668
15.08,0.187113692
15.09,0.187106728
15.1,0.187099764
15.11,0.187092821
15.12,0.187085889
15.13,0.187078969
15.14,0.187072069
15.15,0.187065179
15.16,0.187058301
15.17,0.187051423
15.18,0.187044567
15.19,0.187037731
15.2,0.187030895
15.21,0.187024081
15.22,0.187017277
15.23,0.187010484
15.24,0.187003692
15.25,0.18699693
15.26,0.186990168
15.27,0.186983427
15.28,0.186976698
15.29,0.186969977
15.3,0.186963258
15.31,0.18695657
15.32,0.186949881
15.33,0.186943203
15.34,0.186936545
15.35,0.186929908
15.36,0.186923261
15.37,0.186916635
15.38,0.186910018
15.39,0.186903422
15.4,0.186896837
15.41,0.186890251
15.42,0.186883696
15.43,0.18687712
15.44,0.186870586
15.45,0.186864051
15.46,0.186857536
15.47,0.186851031
15.48,0.186844536
15.49,0.186838042
15.5,0.186831566
15.51,0.186825102
15.52,0.186818657
15.53,0.186812213
15.54,0.186805787
15.55,0.186799372
15.56,0.186792957
15.57,0.186786562
15.58,0.186780186
15.59,0.186773811
15.6,0.186767455
15.61,0.186761108
15.62,0.186754762
15.63,0.186748436
15.64,0.186742118
15.65,0.186735811
15.66,0.186729523
15.67,0.186723234
15.68,0.186716956
15.69,0.186710697
15.7,0.186704447
15.71,0.186698208
15.72,0.186691987
15.73,0.186685767
15.74,0.186679565
15.75,0.186673353
15.76,0.18666717
15.77,0.186660997
15.78,0.186654843
15.79,0.186648688
15.8,0.186642543
15.81,0.186636407
15.82,0.186630281
15.83,0.186624173
15.84,0.186618075
15.85,0.186611986
15.86,0.186605907
15.87,0.186599846
15.88,0.186593775
15.89,0.186587732
15.9,0.1865817
15.91,0.186575665
15.92,0.186569651
15.93,0.186563645
15.94,0.186557648
15.95,0.18655166
15.96,0.186545681
15.97,0.186539721
15.98,0.186533771
15.99,0.186527829
16.0,0.186521896
16.01,0.186515962
16.02,0.186510047
16.03,0.18650415
16.04,0.186498253
16.05,0.186492374
16.06,0.186486504
16.07,0.186480623
16.08,0.186474771
16.09,0.186468937
16.1,0.186463102
16.11,0.186457276
16.12,0.186451458
16.13,0.186445649
16.14,0.186439859
16.15,0.186434077
16.16,0.186428304
16.17,0.18642254
16.18,0.186416784
16.19,0.186411047
16.2,0.186405298
16.21,0.186399578
16.22,0.186393856
16.23,0.186388152
16.24,0.186382458
16.25,0.186376771
16.26,0.186371083
16.27,0.186365423
16.28,0.186359762
16.29,0.186354109
16.3,0.186348474
16.31,0.186342848
16.32,0.186337221
16.33,0.18633161
16.34,0.186325999
16.35,0.186320416
16.36,0.186314831
16.37,0.186309264
16.38,0.186303696
16.39,0.186298135
16.4,0.186292582
16.41,0.186287048
16.42,0.186281522
16.43,0.186276004
16.44,0.186270505
16.45,0.186264993
16.46,0.186259499
16.47,0.186254023
16.48,0.186248555
16.49,0.186243086
16.5,0.186237635
16.51,0.186232191
16.52,0.186226745
16.53,0.186221327
16.54,0.186215907
16.55,0.186210495
16.56,0.186205101
16.57,0.186199704
16.58,0.186194315
16.59,0.186188945
16.6,0.186183582
16.61,0.186178227
16.62,0.18617288
16.63,0.18616754
16.64,0.186162219
16.65,0.186156884
16.66,0.186151578
16.67,0.186146269
16.68,0.186140978
16.69,0.186135694
16.7,0.186130418
16.71,0.18612514
16.72,0.18611989
16.73,0.186114636
16.74,0.186109391
16.75,0.186104163
16.76,0.186098933
16.77,0.18609371
16.78,0.186088505
16.79,0.186083306
16.8,0.186078116
16.81,0.186072933
16.82,0.186067758
16.83,0.18606259
16.84,0.18605743
16.85,0.186052276
16.86,0.186047141
16.87,0.186042002
16.88,0.18603688
16.89,0.186031767
16.9,0.18602665
16.91,0.186021551
16.92,0.18601647
16.93,0.186011385
16.94,0.186006307
16.95,0.186001247
16.96,0.185996184
16.97,0.185991128
16.98,0.185986089
16.99,0.185981048
17.0,0.185976024
17.01,0.185971006
17.02,0.185965997
17.03,0.185960994
17.04,0.185955998
17.05,0.18595101
17.06,0.185946038
17.07,0.185941073
17.08,0.185936105
17.09,0.185931155
17.1,0.185926202
17.11,0.185921266
17.12,0.185916336
17.13,0.185911414
17.14,0.185906498
17.15,0.1859016
17.16,0.185896687
17.17,0.185891802
17.18,0.185886914
17.19,0.185882044
17.2,0.185877179
17.21,0.185872322
17.22,0.185867462
17.23,0.185862618
17.24,0.18585778
17.25,0.18585295
17.26,0.185848127
17.27,0.185843321
17.28,0.185838511
17.29,0.185833708
17.3,0.185828921
17.31,0.185824132
17.32,0.185819359
17.33,0.185814592
17.34,0.185809833
17.35,0.18580507
17.36,0.185800324
17.37,0.185795594
17.38,0.185790861
17.39,0.185786144
17.4,0.185781424
17.41,0.185776721
17.42,0.185772004
17.43,0.185767314
17.44,0.18576263
17.45,0.185757953
17.46,0.185753282
17.47,0.185748618
17.48,0.18574395
17.49,0.185739299
17.5,0.185734664
17.51,0.185730026
17.52,0.185725404
17.53,0.185720778
17.54,0.185716159
17.55,0.185711556
17.56,0.185706959
17.57,0.185702369
17.58,0.185697775
17.59,0.185693208
17.6,0.185688637
17.61,0.185684062
17.62,0.185679503
17.63,0.185674961
17.64,0.185670415
17.65,0.185665885
17.66,0.185661362
17.67,0.185656824
17.68,0.185652314
17.69,0.185647808
17.7,0.18564331
17.71,0.185638817
17.72,0.185634331
17.73,0.18562985
17.74,0.185625367
17.75,0.185620908
17.76,0.185616446
17.77,0.185612001
17.78,0.185607551
17.79,0.185603117
17.8,0.18559868
17.81,0.185594258
17.82,0.185589833
17.83,0.185585424
17.84,0.18558102
17.85,0.185576623
17.86,0.185572231
17.87,0.185567845
17.88,0.185563466
17.89,0.185559103
17.9,0.185554735
17.91,0.185550373
17.92,0.185546028
17.93,0.185541678
17.94,0.185537344
17.95,0.185533006
17.96,0.185528694
17.97,0.185524367
17.98,0.185520067
17.99,0.185515752
18.0,0.185511453
18.01,0.18550716
18.02,0.185502873
18.03,0.185498601
18.04,0.185494326
18.05,0.185490066
18.06,0.185485792
18.07,0.185481543
18.08,0.1854773
18.09,0.185473063
18.1,0.185468832
18.11,0.185464606
18.12,0.185460376
18.13,0.185456162
18.14,0.185451954
18.15,0.185447751
18.16,0.185443553
18.17,0.185439371
18.18,0.185435186
18.19,0.185431005
18.2,0.18542684
18.21,0.185422671
18.22,0.185418518
18.23,0.185414369
18.24,0.185410227
18.25,0.185406069
18.26,0.185401938
18.27,0.185397812
18.28,0.185393702
18.29,0.185389586
18.3,0.185385477
18.31,0.185381373
18.32,0.185377274
18.33,0.18537318
18.34,0.185369103
18.35,0.185365031
18.36,0.185360954
18.37,0.185356892
18.38,0.185352827
18.39,0.185348766
18.4,0.18534473
18.41,0.185340681
18.42,0.185336656
18.43,0.185332627
18.44,0.185328593
18.45,0.185324574
18.46,0.185320561
18.47,0.185316553
18.48,0.18531256
18.49,0.185308563
18.5,0.185304581
18.51,0.185300594
18.52,0.185296612
18.53,0.185292646
18.54,0.185288685
18.55,0.185284729
18.56,0.185280778
18.57,0.185276823
18.58,0.185272882
18.59,0.185268947
18.6,0.185265017
18.61,0.185261092
18.62,0.185257173
18.63,0.185253258
18.64,0.185249349
18.65,0.185245454
18.66,0.185241555
18.67,0.185237671
18.68,0.185233782
18.69,0.185229908
18.7,0.18522603
18.71,0.185222166
18.72,0.185218307
18.73,0.185214453
18.74,0.185210605
18.75,0.185206761
18.76,0.185202912
18.77,0.185199079
18.78,0.18519525
18.79,0.185191437
18.8,0.185187618
18.81,0.185183804
18.82,0.185180006
18.83,0.185176192
18.84,0.185172403
18.85,0.185168619
18.86,0.18516483
18.87,0.185161056
18.88,0.185157287
18.89,0.185153512
18.9,0.185149753
18.91,0.185145988
18.92,0.185142249
18.93,0.185138504
18.94,0.185134764
18.95,0.185131028
18.96,0.185127288
18.97,0.185123572
18.98,0.185119852
18.99,0.185116136
19.0,0.185112435
19.01,0.185108728
19.02,0.185105027
19.03,0.18510134
19.04,0.185097657
19.05,0.18509397
19.06,0.185090298
19.07,0.18508663
19.08,0.185082957
19.09,0.185079298
19.1,0.185075644
19.11,0.185071995
19.12,0.185068351
19.13,0.185064711
19.14,0.185061086
19.15,0.185057445
19.16,0.185053819
19.17,0.185050208
19.18,0.185046592
19.19,0.18504298
19.2,0.185039382
19.21,0.18503578
19.22,0.185032182
19.23,0.185028598
19.24,0.185025019
19.25,0.185021445
19.26,0.185017865
19.27,0.185014299
19.28,0.185010729
19.29,0.185007173
19.3,0.185003621
19.31,0.185000074
19.32,0.184996541
19.33,0.184993003
19.34,0.184989459
19.35,0.18498594
19.36,0.184982415
19.37,0.184978895
19.38,0.184975389
19.39,0.184971878
19.4,0.184968371
19.41,0.184964868
19.42,0.18496138
19.43,0.184957896
19.44,0.184954417
19.45,0.184950932
19.46,0.184947462
19.47,0.184943986
19.48,0.184940524
19.49,0.184937067
19.5,0.184933614
19.51,0.184930165
19.52,0.184926731
19.53,0.184923281
19.54,0.184919845
19.55,0.184916414
19.56,0.184912997
19.57,0.184909574
19.58,0.184906156
19.59,0.184902751
19.6,0.184899332
19.61,0.184895936
19.62,0.184892545
19.63,0.184889148
19.64,0.184885765
19.65,0.184882386
19.66,0.184879002
19.67,0.184875622
19.68,0.184872256
19.69,0.184868894
19.7,0.184865536
19.71,0.184862183
19.72,0.184858834
19.73,0.184855479
19.74,0.184852148
19.75,0.184848812
19.76,0.184845479
19.77,0.184842151
19.78,0.184838836
19.79,0.184835506
19.8,0.1848322
19.81,0.184828889
19.82,0.184825591
19.83,0.184822287
19.84,0.184818998
19.85,0.184815702
19.86,0.184812411
19.87,0.184809134
19.88,0.18480586
19.89,0.184802591
19.9,0.184799316
19.91,0.184796055
19.92,0.184792798
19.93,0.184789545
19.94,0.184786296
19.95,0.184783051
19.96,0.18477981
19.97,0.184776573
19.98,0.18477333
19.99,0.184770111
20.0,0.184766886
20.01,0.184763665
20.02,0.184760458
20.03,0.184757245
20.04,0.184754035
20.05,0.18475083
20.06,0.184747639
20.07,0.184744441
20.08,0.184741258
20.09,0.184738068
20.1,0.184734893
20.11,0.184731711
20.12,0.184728543
20.13,0.184725379
20.14,0.184722219
20.15,0.184719063
20.16,0.1847159
20.17,0.184712752
20.18,0.184709607
20.19,0.184706466
20.2,0.184703329
20.21,0.184700196
20.22,0.184697077
20.23,0.184693951
20.24,0.18469082
20.25,0.184687701
20.26,0.184684597
20.27,0.184681487
20.28,0.18467838
20.29,0.184675288
20.3,0.184672189
20.31,0.184669093
20.32,0.184666012
20.33,0.184662934
20.34,0.18465985
20.35,0.18465678
20.36,0.184653713
20.37,0.18465063
20.38,0.184647571
20.39,0.184644516
20.4,0.184641464
20.41,0.184638416
20.42,0.184635372
20.43,0.184632321
20.44,0.184629284
20.45,0.184626251
20.46,0.184623231
20.47,0.184620205
20.48,0.184617183
20.49,0.184614154
20.5,0.184611149
20.51,0.184608138
20.52,0.18460513
20.53,0.184602136
20.54,0.184599135
20.55,0.184596149
20.56,0.184593145
20.57,0.184590165
20.58,0.184587179
20.59,0.184584207
20.6,0.184581228
20.61,0.184578262
20.62,0.18457529
20.63,0.184572332
20.64,0.184569377
20.65,0.184566426
20.66,0.184563478
20.67,0.184560534
20.68,0.184557583
20.69,0.184554636
20.7,0.184551712
20.71,0.184548782
20.72,0.184545856
20.73,0.184542932
20.74,0.184540013
20.75,0.184537087
20.76,0.184534174
20.77,0.184531275
20.78,0.184528369
20.79,0.184525467
20.8,0.184522578
20.81,0.184519682
20.82,0.18451679
20.83,0.184513902
20.84,0.184511027
20.85,0.184508145
20.86,0.184505277
20.87,0.184502412
20.88,0.184499531
20.89,0.184496672
20.9,0.184493808
20.91,0.184490956
20.92,0.184488108
20.93,0.184485264
20.94,0.184482413
20.95,0.184479575
20.96,0.18447674
20.97,0.184473909
20.98,0.184471081
20.99,0.184468247
21.0,0.184465426
21.01,0.184462608
21.02,0.184459794
21.03,0.184456983
21.04,0.184454175
21.05,0.18445137
21.06,0.184448579
21.07,0.184445771
21.08,0.184442987
21.09,0.184440195
21.1,0.184437407
21.11,0.184434622
21.12,0.184431851
21.13,0.184429073
21.14,0.184426298
21.15,0.184423526
21.16,0.184420767
21.17,0.184418012
21.18,0.18441525
21.19,0.184412501
21.2,0.184409746
21.21,0.184406993
21.22,0.184404254
21.23,0.184401518
21.24,0.184398785
21.25,0.184396056
21.26,0.184393319
21.27,0.184390586
21.28,0.184387876
21.29,0.184385149
21.3,0.184382445
21.31,0.184379725
21.32,0.184377028
21.33,0.184374313
21.34,0.184371612
21.35,0.184368914
21.36,0.18436622
21.37,0.184363528
21.38,0.184360849
21.39,0.184358154
21.4,0.184355482
21.41,0.184352802
21.42,0.184350126
21.43,0.184347453
21.44,0.184344793
21.45,0.184342126
21.46,0.184339463
21.47,0.184336812
21.48,0.184334155
21.49,0.18433151
21.5,0.184328859
21.51,0.18432622
21.52,0.184323575
21.53,0.184320932
21.54,0.184318303
21.55,0.184315677
21.56,0.184313044
21.57,0.184310424
21.58,0.184307796
21.59,0.184305182
21.6,0.184302571
21.61,0.184299963
21.62,0.184297358
21.63,0.184294756
21.64,0.184292157
21.65,0.184289551
21.66,0.184286957
21.67,0.184284367
21.68,0.18428178
21.69,0.184279196
21.7,0.184276614
21.71,0.184274036
21.72,0.184271461
21.73,0.184268888
21.74,0.184266319
21.75,0.184263762
21.76,0.184261199
21.77,0.184258648
21.78,0.18425608
21.79,0.184253525
21.8,0.184250983
21.81,0.184248434
21.82,0.184245898
21.83,0.184243355
21.84,0.184240815
21.85,0.184238287
21.86,0.184235753
21.87,0.184233231
21.88,0.184230712
21.89,0.184228186
21.9,0.184225673
21.91,0.184223153
21.92,0.184220635
21.93,0.184218131
21.94,0.184215629
21.95,0.18421313
21.96,0.184210634
21.97,0.184208131
21.98,0.184205641
21.99,0.184203153
22.0,0.184200669
22.01,0.184198187
22.02,0.184195708
22.03,0.184193221
22.04,0.184190748
22.05,0.184188277
22.06,0.184185809
22.07,0.184183344
22.08,0.184180882
22.09,0.184178432
22.1,0.184175966
22.11,0.184173512
22.12,0.18417106
22.13,0.184168622
22.14,0.184166176
22.15,0.184163733
22.16,0.184161293
22.17,0.184158856
22.18,0.184156431
22.19,0.184153999
22.2,0.18415157
22.21,0.184149153
22.22,0.184146739
22.23,0.184144308
22.24,0.1841419
22.25,0.184139494
22.26,0.184137081
22.27,0.184134681
22.28,0.184132273
22.29,0.184129868
22.3,0.184127476
22.31,0.184125086
22.32,0.184122699
22.33,0.184120305
22.34,0.184117923
22.35,0.184115534
22.36,0.184113158
22.37,0.184110785
22.38,0.184108414
22.39,0.184106045
22.4,0.18410367
22.41,0.184101307
22.42,0.184098946
22.43,0.184096578
22.44,0.184094233
22.45,0.184091881
22.46,0.184089531
22.47,0.184087184
22.48,0.184084829
22.49,0.184082487
22.5,0.184080147
22.51,0.184077821
22.52,0.184075486
22.53,0.184073155
22.54,0.184070825
22.55,0.184068499
22.56,0.184066175
22.57,0.184063863
22.58,0.184061545
22.59,0.184059228
22.6,0.184056924
22.61,0.184054603
22.62,0.184052305
22.63,0.184049999
22.64,0.184047705
22.65,0.184045404
22.66,0.184043116
22.67,0.18404082
22.68,0.184038526
22.69,0.184036245
22.7,0.184033957
22.71,0.184031681
22.72,0.184029408
22.73,0.184027127
22.74,0.184024849
22.75,0.184022583
22.76,0.184020319
22.77,0.184018048
22.78,0.18401579
22.79,0.184013534
22.8,0.184011271
22.81,0.18400902
22.82,0.184006771
22.83,0.184004525
22.84,0.184002272
22.85,0.184000031
22.86,0.183997792
22.87,0.183995546
22.88,0.183993322
22.89,0.183991091
22.9,0.183988852
22.91,0.183986635
22.92,0.183984411
22.93,0.18398218
22.94,0.183979961
22.95,0.183977744
22.96,0.18397554
22.97,0.183973328
22.98,0.183971118
22.99,0.183968911
23.0,0.183966706
23.01,0.183964504
23.02,0.183962304
23.03,0.183960107
23.04,0.183957922
23.05,0.183955729
23.06,0.183953539
23.07,0.18395135
23.08,0.183949165
23.09,0.183946992
23.1,0.183944811
23.11,0.183942642
23.12,0.183940466
23.13,0.183938292
23.14,0.183936121
23.15,0.183933962
23.16,0.183931795
23.17,0.18392964
23.18,0.183927488
23.19,0.183925329
23.2,0.183923171
23.21,0.183921026
23.22,0.183918883
23.23,0.183916733
23.24,0.183914594
23.25,0.183912448
23.26,0.183910315
23.27,0.183908174
23.28,0.183906045
23.29,0.183903918
23.3,0.183901794
23.31,0.183899671
23.32,0.183897542
23.33,0.183895424
23.34,0.183893309
23.35,0.183891196
23.36,0.183889075
23.37,0.183886967
23.38,0.18388486
23.39,0.183882757
23.4,0.183880655
23.41,0.183878555
23.42,0.183876458
23.43,0.183874363
23.44,0.183872261
23.45,0.18387017
23.46,0.183868082
23.47,0.183865996
23.48,0.183863912
23.49,0.183861841
23.5,0.183859761
23.51,0.183857684
23.52,0.183855609
23.53,0.183853537
23.54,0.183851466
23.55,0.183849398
23.56,0.183847342
23.57,0.183845268
23.58,0.183843216
23.59,0.183841157
23.6,0.18383911
23.61,0.183837055
23.62,0.183835002
23.63,0.183832961
23.64,0.183830902
23.65,0.183828866
23.66,0.183826822
23.67,0.18382479
23.68,0.18382275
23.69,0.183820722
23.7,0.183818686
23.71,0.183816653
23.72,0.183814632
23.73,0.183812603
23.74,0.183810586
23.75,0.183808561
23.76,0.183806548
23.77,0.183804527
23.78,0.183802519
23.79,0.183800502
23.8,0.183798498
23.81,0.183796496
23.82,0.183794496
23.83,0.183792488
23.84,0.183790483
23.85,0.183788489
23.86,0.183786497
23.87,0.183784508
23.88,0.183782521
23.89,0.183780525
23.9,0.183778542
23.91,0.183776561
23.92,0.183774582
23.93,0.183772595
23.94,0.18377062
23.95,0.183768647
23.96,0.183766677
23.97,0.183764708
23.98,0.183762742
23.99,0.183760777
24.0,0.183758815
24.01,0.183756854
24.02,0.183754886
24.03,0.18375293
24.04,0.183750975
24.05,0.183749023
24.06,0.183747083
24.07,0.183745135
24.08,0.183743189
24.09,0.183741235
24.1,0.183739293
24.11,0.183737363
24.12,0.183735425
24.13,0.183733489
24.14,0.183731555
24.15,0.183729623
24.16,0.183727693
24.17,0.183725775
24.18,0.183723849
24.19,0.183721925
24.2,0.183720004
24.21,0.183718084
24.22,0.183716176
24.23,0.18371426
24.24,0.183712346
24.25,0.183710444
24.26,0.183708534
24.27,0.183706636
24.28,0.18370472
24.29,0.183702826
24.3,0.183700924
24.31,0.183699034
24.32,0.183697136
24.33,0.183695249
24.34,0.183693355
24.35,0.183691463
24.36,0.183689582
24.37,0.183687694
24.38,0.183685818
24.39,0.183683943
24.4,0.183682061
24.41,0.18368019
24.42,0.183678311
24.43,0.183676445
24.44,0.18367457
24.45,0.183672707
24.46,0.183670846
24.47,0.183668977
24.48,0.18366712
24.49,0.183665255
24.5,0.183663401
24.51,0.18366155
24.52,0.1836597
24.53,0.183657843
24.54,0.183655997
24.55,0.183654154
24.56,0.183652311
24.57,0.183650472
24.58,0.183648633
24.59,0.183646787
24.6,0.183644953
24.61,0.18364311
24.62,0.18364128
24.63,0.183639461
24.64,0.183637624
24.65,0.183635799
24.66,0.183633976
24.67,0.183632155
24.68,0.183630336
24.69,0.183628518
24.7,0.183626703
24.71,0.183624889
24.72,0.183623077
24.73,0.183621257
24.74,0.183619459
24.75,0.183617652
24.76,0.183615847
24.77,0.183614045
24.78,0.183612244
24.79,0.183610445
24.8,0.183608648
24.81,0.183606852
24.82,0.183605059
24.83,0.183603267
24.84,0.183601487
24.85,0.183599699
24.86,0.183597912
24.87,0.183596128
24.88,0.183594345
24.89,0.183592574
24.9,0.183590795
24.91,0.183589018
24.92,0.183587243
24.93,0.183585469
24.94,0.183583707
24.95,0.183581937
24.96,0.183580169
24.97,0.183578412
24.98,0.183576647
24.99,0.183574884
25.0,0.183573123
0.01,0.304760824
0.02,0.35584559
0.03,0.366778424
0.04,0.369315407
0.05,0.36919333
0.06,0.368073627
0.07,0.36656451
0.08,0.364920314
0.09,0.363255722
0.1,0.362543982
0.11,0.362512713
0.12,0.362481463
0.13,0.36245023
0.14,0.362419015
0.15,0.362387818
0.16,0.362356639
0.17,0.362325479
0.18,0.362294337
0.19,0.362263214
0.2,0.362232109
0.21,0.362201024
0.22,0.362169958
0.23,0.362138911
0.24,0.362107883
0.25,0.362076875
0.26,0.362175352
0.27,0.362273866
0.28,0.362372382
0.29,0.362470919
0.3,0.362569493
0.31,0.36266807
0.32,0.362766685
0.33,0.362865303
0.34,0.362963942
0.35,0.363062618
0.36,0.363161299
0.37,0.36326
0.38,0.36335874
0.39,0.363457484
0.4,0.363556266
0.41,0.363655053
0.42,0.363753861
0.43,0.363852708
0.44,0.363951576
0.45,0.364050449
0.46,0.364149345
0.47,0.364248279
0.48,0.364347219
0.49,0.36444618
0.5,0.364545181
0.51,0.364644188
0.52,0.364743233
0.53,0.364842285
0.54,0.364941359
0.55,0.365040473
0.56,0.365139592
0.57,0.365238735
0.58,0.365337917
0.59,0.365267055
0.6,0.365196199
0.61,0.365359651
0.62,0.365514725
0.63,0.365669823
0.64,0.365824944
0.65,0.365980072
0.66,0.36613524
0.67,0.366290431
0.68,0.366445647
0.69,0.366600886
0.7,0.366756149
0.71,0.366911435
0.72,0.367066746
0.73,0.36722208
0.74,0.367377439
0.75,0.367532821
0.76,0.367688228
0.77,0.367843642
0.78,0.367999097
0.79,0.368154577
0.8,0.368310081
0.81,0.368465609
0.82,0.368621161
0.83,0.368776739
0.84,0.36893234
0.85,0.369087966
0.86,0.3692436
0.87,0.369399293
0.88,0.369554976
0.89,0.369710701
0.9,0.36986645
0.91,0.372634721
0.92,0.380245735
0.93,0.393249265
0.94,0.408013252
0.95,0.422777238
0.96,0.437541225
0.97,0.452305212
0.98,0.467069199
0.99,0.481833186
1.0,0.496597173
1.01,0.51136116
1.02,0.526125147
1.03,0.540889134
1.04,0.555653121
1.05,0.570417108
1.06,0.569967688
1.07,0.569516119
1.08,0.569063977
1.09,0.568612458
1.1,0.568162542
1.11,0.567714894
1.12,0.567127236
1.13,0.56650089
1.14,0.565940564
1.15,0.565437537
1.16,0.564448391
1.17,0.563477454
1.18,0.562540024
1.19,0.561426835
1.2,0.559749776
1.21,0.558072799
1.22,0.556430499
1.23,0.554821947
1.24,0.553246358
1.25,0.551703053
1.26,0.550191436
1.27,0.548710961
1.28,0.547261151
1.29,0.545841522
1.3,0.544451716
1.31,0.543091338
1.32,0.541760031
1.33,0.540457484
1.34,0.539183396
1.35,0.537937491
1.36,0.536719495
1.37,0.535529153
1.38,0.534366256
1.39,0.533230567
1.4,0.532121875
1.41,0.531039982
1.42,0.529984722
1.43,0.528955914
1.44,0.527953374
1.45,0.526976958
1.46,0.526026523
1.47,0.525101904
1.48,0.524203002
1.49,0.523329679
1.5,0.522481818
1.51,0.521659261
1.52,0.520861982
1.53,0.520089815
1.54,0.519342719
1.55,0.51862056
1.56,0.517923279
1.57,0.517250796
1.58,0.516217667
1.59,0.514482559
1.6,0.512758559
1.61,0.511045565
1.62,0.509343505
1.63,0.507652235
1.64,0.505971649
1.65,0.504301601
1.66,0.502642008
1.67,0.500992699
1.68,0.499353587
1.69,0.497724464
1.7,0.496105273
1.71,0.494495831
1.72,0.492896015
1.73,0.491305677
1.74,0.4897247
1.75,0.488152937
1.76,0.486590251
1.77,0.485036544
1.78,0.483491654
1.79,0.481955443
1.8,0.480427803
1.81,0.478908623
1.82,0.477397753
1.83,0.475895096
1.84,0.474400482
1.85,0.472913878
1.86,0.471435111
1.87,0.469964092
1.88,0.46850068
1.89,0.46704481
1.9,0.465596344
1.91,0.464155191
1.92,0.462721231
1.93,0.461294389
1.94,0.459874573
1.95,0.458461664
1.96,0.45705557
1.97,0.45565621
1.98,0.45420556
1.99,0.452761452
2.0,0.451323807
2.01,0.450016693
2.02,0.448716144
2.03,0.447426947
2.04,0.446145539
2.05,0.444871811
2.06,0.443605702
2.07,0.442347133
2.08,0.441095997
2.09,0.439852187
2.1,0.438615669
2.11,0.437386348
2.12,0.436164118
2.13,0.434948905
2.14,0.433740663
2.15,0.432539303
2.16,0.431344726
2.17,0.430156877
2.18,0.428975705
2.19,0.427801116
2.2,0.42663303
2.21,0.4254714
2.22,0.424316149
2.23,0.42316721
2.24,0.422024538
2.25,0.420888021
2.26,0.419757653
2.27,0.41863335
2.28,0.417515038
2.29,0.416402648
2.3,0.415296157
2.31,0.414195469
2.32,0.413100551
2.33,0.412011325
2.34,0.410927747
2.35,0.409849759
2.36,0.40877731
2.37,0.407710307
2.38,0.406648753
2.39,0.405592563
2.4,0.404541682
2.41,0.40349606
2.42,0.402455652
2.43,0.401420394
2.44,0.400390244
2.45,0.399365134
2.46,0.398520762
2.47,0.397681343
2.48,0.396846816
2.49,0.396017124
2.5,0.395192251
2.51,0.394372132
2.52,0.393556706
2.53,0.392745932
2.54,0.391939754
2.55,0.391138151
2.56,0.390341048
2.57,0.389548394
2.58,0.388760157
2.59,0.387976298
2.6,0.387196741
2.61,0.386421461
2.62,0.385650414
2.63,0.384883539
2.64,0.384120784
2.65,0.383362116
2.66,0.382607499
2.67,0.381856871
2.68,0.38111019
2.69,0.380367404
2.7,0.379628469
2.71,0.378893353
2.72,0.378162003
2.73,0.377434371
2.74,0.376710405
2.75,0.375990076
2.76,0.375273313
2.77,0.374560116
2.78,0.373850394
2.79,0.373144128
2.8,0.372441261
2.81,0.371741746
2.82,0.371045552
2.83,0.370352632
2.84,0.369662931
2.85,0.368976409
2.86,0.368293033
2.87,0.367612067
2.88,0.36693336
2.89,0.36625766
2.9,0.365584921
2.91,0.364915102
2.92,0.36424815
2.93,0.363584007
2.94,0.362922656
2.95,0.362264033
2.96,0.36160811
2.97,0.360954823
2.98,0.360307389
2.99,0.35966066
3.0,0.359016486
3.01,0.358407731
3.02,0.357848478
3.03,0.357291178
3.04,0.356735815
3.05,0.356182414
3.06,0.35563094
3.07,0.355081408
3.08,0.354533813
3.09,0.353988157
3.1,0.353444431
3.11,0.352902636
3.12,0.352362765
3.13,0.351824832
3.14,0.351288805
3.15,0.350754708
3.16,0.350222536
3.17,0.349692266
3.18,0.349163905
3.19,0.348637467
3.2,0.348112924
3.21,0.347590288
3.22,0.347069544
3.23,0.346550706
3.24,0.346033756
3.25,0.345518702
3.26,0.34500552
3.27,0.344494231
3.28,0.343984801
3.29,0.343477272
3.3,0.342971592
3.31,0.342467791
3.32,0.341965851
3.33,0.341465762
3.34,0.340967529
3.35,0.340471143
3.36,0.339976618
3.37,0.339483919
3.38,0.338993066
3.39,0.338504042
3.4,0.338016844
3.41,0.337531469
3.42,0.337047908
3.43,0.336566167
3.44,0.336086239
3.45,0.335608113
3.46,0.335131785
3.47,0.334657253
3.48,0.334184501
3.49,0.333713548
3.5,0.33324437
3.51,0.332776956
3.52,0.33231132
3.53,0.331847449
3.54,0.331385322
3.55,0.330924975
3.56,0.330466357
3.57,0.330009475
3.58,0.329554347
3.59,0.329100929
3.6,0.328649239
3.61,0.328199287
3.62,0.327751029
3.63,0.327304503
3.64,0.326857205
3.65,0.326404389
3.66,0.325953276
3.67,0.325503821
3.68,0.325056043
3.69,0.324609935
3.7,0.324165465
3.71,0.323722663
3.72,0.323281498
3.73,0.322841974
3.74,0.322404104
3.75,0.321967841
3.76,0.321533196
3.77,0.321100177
3.78,0.320668766
3.79,0.320238964
3.8,0.319810759
3.81,0.319384135
3.82,0.318959102
3.83,0.318535649
3.84,0.318113757
3.85,0.317693444
3.86,0.317253273
3.87,0.316814651
3.88,0.316377565
3.89,0.315942026
3.9,0.315508029
3.91,0.315075549
3.92,0.314644591
3.93,0.314215153
3.94,0.313787211
3.95,0.31336079
3.96,0.312935839
3.97,0.312512377
3.98,0.312090408
3.99,0.311669897
4.0,0.311250865
4.01,0.310844905
4.02,0.310440368
4.03,0.310037242
4.04,0.309635507
4.05,0.309235174
4.06,0.308836238
4.07,0.308438666
4.08,0.308042487
4.09,0.307647659
4.1,0.307254195
4.11,0.306862087
4.12,0.306471327
4.13,0.306081912
4.14,0.305693826
4.15,0.305307069
4.16,0.304921627
4.17,0.304537509
4.18,0.304154677
4.19,0.30377317
4.2,0.30339294
4.21,0.303013992
4.22,0.302636328
4.23,0.30225993
4.24,0.301884805
4.25,0.301510936
4.26,0.301138305
4.27,0.300766932
4.28,0.300396776
4.29,0.300027857
4.3,0.29966017
4.31,0.299293677
4.32,0.298928412
4.33,0.298564338
4.34,0.298201449
4.35,0.297839756
4.36,0.297479233
4.37,0.297119878
4.38,0.296761696
4.39,0.296409836
4.4,0.296070973
4.41,0.295732908
4.42,0.295395631
4.43,0.295059159
4.44,0.294723459
4.45,0.294388536
4.46,0.294054407
4.47,0.293721035
4.48,0.293388438
4.49,0.293056604
4.5,0.292725509
4.51,0.292395185
4.52,0.292065598
4.53,0.291736749
4.54,0.291408651
4.55,0.291081272
4.56,0.290754629
4.57,0.290428689
4.58,0.290103477
4.59,0.289778977
4.6,0.289455186
4.61,0.289132077
4.62,0.288809686
4.63,0.288487975
4.64,0.288166957
4.65,0.287846608
4.66,0.287526927
4.67,0.28720793
4.68,0.286889591
4.69,0.286571897
4.7,0.286254878
4.71,0.285938481
4.72,0.285622754
4.73,0.285307635
4.74,0.284993158
4.75,0.28467932
4.76,0.284366077
4.77,0.284053458
4.78,0.283741454
4.79,0.283430041
4.8,0.283119233
4.81,0.282809015
4.82,0.282499369
4.83,0.282190328
4.84,0.281881846
4.85,0.281573923
4.86,0.281266585
4.87,0.280959792
4.88,0.280653553
4.89,0.280347848
4.9,0.280042695
4.91,0.279738078
4.92,0.279433979
4.93,0.279130394
4.94,0.278827351
4.95,0.2785248
4.96,0.278222766
4.97,0.277921223
4.98,0.277620166
4.99,0.277319608
5.0,0.277019517
5.01,0.276768707
5.02,0.276482712
5.03,0.276197419
5.04,0.275912838
5.05,0.275628931
5.06,0.275345702
5.07,0.275063164
5.08,0.274781285
5.09,0.27450006
5.1,0.274219483
5.11,0.273939553
5.12,0.273660256
5.13,0.273381581
5.14,0.273103536
5.15,0.272826097
5.16,0.272549259
5.17,0.272273026
5.18,0.271997367
5.19,0.271722286
5.2,0.271447785
5.21,0.271173848
5.22,0.270900458
5.23,0.270627635
5.24,0.270355333
5.25,0.270083581
5.26,0.269812337
5.27,0.269541622
5.28,0.269271425
5.29,0.26900171
5.3,0.268732502
5.31,0.268463781
5.32,0.268195533
5.33,0.267927754
5.34,0.267660442
5.35,0.267393589
5.36,0.267127186
5.37,0.266861223
5.38,0.26659568
5.39,0.266330581
5.4,0.266065885
5.41,0.26580161
5.42,0.265537732
5.43,0.265274242
5.44,0.265011153
5.45,0.264748438
5.46,0.264486087
5.47,0.264224115
5.48,0.263962486
5.49,0.26370121
5.5,0.26344028
5.51,0.263179678
5.52,0.262919408
5.53,0.262659455
5.54,0.262399807
5.55,0.262140477
5.56,0.261881432
5.57,0.26162268
5.58,0.261364206
5.59,0.26110601
5.6,0.260848081
5.61,0.260590405
5.62,0.260332977
5.63,0.260075809
5.64,0.259818856
5.65,0.259562158
5.66,0.25930566
5.67,0.259049372
5.68,0.25879331
5.69,0.258537437
5.7,0.258281749
5.71,0.258026257
5.72,0.257770941
5.73,0.257515789
5.74,0.257260802
5.75,0.257005964
5.76,0.256751287
5.77,0.256496736
5.78,0.256242317
5.79,0.255988034
5.8,0.255733857
5.81,0.255479801
5.82,0.255225839
5.83,0.254971982
5.84,0.254718203
5.85,0.254464514
5.86,0.254210882
5.87,0.253957345
5.88,0.253703838
5.89,0.253450404
5.9,0.253197005
5.91,0.252943637
5.92,0.252690307
5.93,0.252437002
5.94,0.252183714
5.95,0.251930427
5.96,0.251677132
5.97,0.251423843
5.98,0.25117054
5.99,0.25091721
6.0,0.250663865
6.01,0.250428887
6.02,0.250215157
6.03,0.25000184
6.04,0.249788944
6.05,0.249576468
6.06,0.249364402
6.07,0.24915275
6.08,0.248941517
6.09,0.248730688
6.1,0.248520272
6.11,0.248310269
6.12,0.248100664
6.13,0.24789147
6.14,0.247682674
6.15,0.247474283
6.16,0.247266298
6.17,0.247058695
6.18,0.246851506
6.19,0.246644708
6.2,0.246438298
6.21,0.246232298
6.22,0.246026675
6.23,0.245821448
6.24,0.245616614
6.25,0.245412164
6.26,0.245208096
6.27,0.245004417
6.28,0.24480112
6.29,0.244598208
6.3,0.244395674
6.31,0.244193516
6.32,0.243991742
6.33,0.243790339
6.34,0.243589321
6.35,0.243388661
6.36,0.24318838
6.37,0.242985296
6.38,0.242779817
6.39,0.242574752
6.4,0.242370103
6.41,0.242165866
6.42,0.241962051
6.43,0.241758636
6.44,0.241555632
6.45,0.241353036
6.46,0.241150836
6.47,0.240949051
6.48,0.240747661
6.49,0.240546676
6.5,0.240346092
6.51,0.240145898
6.52,0.239946096
6.53,0.239746701
6.54,0.239547685
6.55,0.239349063
6.56,0.239150839
6.57,0.238952988
6.58,0.23875554
6.59,0.238558464
6.6,0.238361768
6.61,0.238165461
6.62,0.237969536
6.63,0.237773984
6.64,0.237578812
6.65,0.237384012
6.66,0.237189596
6.67,0.236995533
6.68,0.236801854
6.69,0.236608543
6.7,0.236415594
6.71,0.236223022
6.72,0.236030808
6.73,0.23583896
6.74,0.235647477
6.75,0.235456349
6.76,0.235265583
6.77,0.235075181
6.78,0.234885128
6.79,0.234695426
6.8,0.234506082
6.81,0.234317087
6.82,0.234128458
6.83,0.233940167
6.84,0.233752216
6.85,0.233564632
6.86,0.233377382
6.87,0.233190471
6.88,0.233003912
6.89,0.232817693
6.9,0.232631811
6.91,0.23244627
6.92,0.232261063
6.93,0.232076202
6.94,0.231891665
6.95,0.231707474
6.96,0.231523604
6.97,0.231340067
6.98,0.23115687
6.99,0.230973992
7.0,0.23080046
7.01,0.230645979
7.02,0.230491975
7.03,0.230338435
7.04,0.230185339
7.05,0.230032714
7.06,0.229880549
7.07,0.229728832
7.08,0.229577562
7.09,0.229426757
7.1,0.229276395
7.11,0.229126474
7.12,0.228977005
7.13,0.228827984
7.14,0.22867939
7.15,0.22853125
7.16,0.228383544
7.17,0.228237218
7.18,0.228091838
7.19,0.227946887
7.2,0.227802366
7.21,0.227658269
7.22,0.227514616
7.23,0.22737138
7.24,0.227228551
7.25,0.227086166
7.26,0.226944197
7.27,0.226802626
7.28,0.226661499
7.29,0.226520779
7.3,0.226380449
7.31,0.226240562
7.32,0.226101075
7.33,0.225961985
7.34,0.225823314
7.35,0.225685058
7.36,0.225547185
7.37,0.225409716
7.38,0.225272657
7.39,0.225135999
7.4,0.224999728
7.41,0.224863855
7.42,0.224728379
7.43,0.224593285
7.44,0.224458586
7.45,0.224324288
7.46,0.22419036
7.47,0.224056833
7.48,0.223923679
7.49,0.223790905
7.5,0.223658525
7.51,0.22352226
7.52,0.223386389
7.53,0.223250918
7.54,0.223115858
7.55,0.222981177
7.56,0.222846884
7.57,0.222712984
7.58,0.222579481
7.59,0.22244636
7.6,0.222313633
7.61,0.222181286
7.62,0.222049305
7.63,0.221917726
7.64,0.221786532
7.65,0.221655691
7.66,0.221525246
7.67,0.221395182
7.68,0.22126547
7.69,0.221136148
7.7,0.221007193
7.71,0.220878608
7.72,0.220750376
7.73,0.220622529
7.74,0.220495047
7.75,0.220367906
7.76,0.220241156
7.77,0.220114756
7.78,0.219988702
7.79,0.219863026
7.8,0.219737698
7.81,0.219612723
7.82,0.219488101
7.83,0.219363832
7.84,0.219239913
7.85,0.219116343
7.86,0.218993134
7.87,0.218870259
7.88,0.218747732
7.89,0.21862555
7.9,0.21850371
7.91,0.218382204
7.92,0.21826105
7.93,0.218140234
7.94,0.218019747
7.95,0.2178996
7.96,0.217779798
7.97,0.217660303
7.98,0.21754116
7.99,0.217422352
8.0,0.217303864
8.01,0.217185708
8.02,0.217067872
8.03,0.216950377
8.04,0.216833187
8.05,0.216716334
8.06,0.216599807
8.07,0.216483584
8.08,0.216367694
8.09,0.216252117
8.1,0.21613685
8.11,0.216021914
8.12,0.215907285
8.13,0.215792966
8.14,0.215678963
8.15,0.215565286
8.16,0.215451903
8.17,0.215338824
8.18,0.215226067
8.19,0.215113602
8.2,0.215001449
8.21,0.214889604
8.22,0.214778057
8.23,0.214666809
8.24,0.214555867
8.25,0.214445229
8.26,0.214334877
8.27,0.214224828
8.28,0.214115082
8.29,0.214005617
8.3,0.213896462
8.31,0.213787598
8.32,0.213679021
8.33,0.213570722
8.34,0.21346273
8.35,0.213355024
8.36,0.213247601
8.37,0.213140464
8.38,0.213033619
8.39,0.212927046
8.4,0.212820773
8.41,0.21271477
8.42,0.212609047
8.43,0.212503612
8.44,0.212398454
8.45,0.212293571
8.46,0.212188965
8.47,0.212084643
8.48,0.211980593
8.49,0.211876808
8.5,0.211773303
8.51,0.21167007
8.52,0.211567097
8.53,0.211464412
8.54,0.211361986
8.55,0.211259827
8.56,0.211157935
8.57,0.211056318
8.58,0.210954956
8.59,0.210853858
8.6,0.210753032
8.61,0.210652458
8.62,0.210552156
8.63,0.210452104
8.64,0.210352322
8.65,0.210252791
8.66,0.210153514
8.67,0.210054505
8.68,0.209955743
8.69,0.209857237
8.7,0.209758984
8.71,0.209660986
8.72,0.209563241
8.73,0.209465748
8.74,0.209368497
8.75,0.209271505
8.76,0.209174763
8.77,0.20907825
8.78,0.208982007
8.79,0.208885999
8.8,0.208790238
8.81,0.208694713
8.82,0.208599445
8.83,0.20850441
8.84,0.208409617
8.85,0.208315068
8.86,0.20822076
8.87,0.208126674
8.88,0.208032848
8.89,0.207939252
8.9,0.207845884
8.91,0.207752755
8.92,0.207659875
8.93,0.207567219
8.94,0.20747478
8.95,0.207382595
8.96,0.207290636
8.97,0.2071989
8.98,0.207107409
8.99,0.207016137
9.0,0.206925089
9.01,0.206834269
9.02,0.206743681
9.03,0.206653314
9.04,0.206563173
9.05,0.206473271
9.06,0.206383577
9.07,0.20629411
9.08,0.206204857
9.09,0.20611584
9.1,0.206027027
9.11,0.205938449
9.12,0.205850084
9.13,0.205761921
9.14,0.205673999
9.15,0.20558629
9.16,0.20549878
9.17,0.2054115
9.18,0.20532443
9.19,0.205237567
9.2,0.205150933
9.21,0.205064506
9.22,0.204978276
9.23,0.20489227
9.24,0.20480648
9.25,0.204720895
9.26,0.204635502
9.27,0.204550335
9.28,0.204465368
9.29,0.204380605
9.3,0.204296052
9.31,0.20421171
9.32,0.20412756
9.33,0.204043617
9.34,0.203959883
9.35,0.203876347
9.36,0.20379301
9.37,0.203709879
9.38,0.203626944
9.39,0.203544215
9.4,0.203461683
9.41,0.203379343
9.42,0.203297198
9.43,0.203215267
9.44,0.203133515
9.45,0.20305196
9.46,0.202970612
9.47,0.202889449
9.48,0.202808475
9.49,0.202727709
9.5,0.202647124
9.51,0.202566727
9.52,0.202486539
9.53,0.202406526
9.54,0.202326703
9.55,0.202247076
9.56,0.202167632
9.57,0.202088385
9.58,0.202009312
9.59,0.201930443
9.6,0.201851748
9.61,0.201773237
9.62,0.201694916
9.63,0.201616778
9.64,0.20153881
9.65,0.201461044
9.66,0.201383458
9.67,0.201306042
9.68,0.201228814
9.69,0.201151775
9.7,0.201074905
9.71,0.200998212
9.72,0.200921704
9.73,0.200845385
9.74,0.20076922
9.75,0.200693251
9.76,0.200617457
9.77,0.200541827
9.78,0.200466382
9.79,0.200391108
9.8,0.200316008
9.81,0.20024108
9.82,0.200166335
9.83,0.20009175
9.84,0.200017346
9.85,0.199943111
9.86,0.199869037
9.87,0.199795153
9.88,0.199721426
9.89,0.199647867
9.9,0.199574478
9.91,0.199501264
9.92,0.199428218
9.93,0.199355327
9.94,0.199282603
9.95,0.199210064
9.96,0.199137668
9.97,0.199065447
9.98,0.198993392
9.99,0.198921497
10.0,0.198849768
10.01,0.198828009
10.02,0.19880345
10.03,0.198778945
10.04,0.198754523
10.05,0.198730166
10.06,0.198705851
10.07,0.198681619
10.08,0.198657441
10.09,0.198633327
10.1,0.198609284
10.11,0.198585293
10.12,0.198561366
10.13,0.19853751
10.14,0.198513706
10.15,0.198489965
10.16,0.198466284
10.17,0.198442675
10.18,0.198419118
10.19,0.198395621
10.2,0.198372185
10.21,0.19834882
10.22,0.198325495
10.23,0.198302251
10.24,0.198279057
10.25,0.198255913
10.26,0.198232839
10.27,0.198209834
10.28,0.198186869
10.29,0.198163964
10.3,0.198141128
10.31,0.19811835
10.32,0.198095621
10.33,0.198072961
10.34,0.19805035
10.35,0.198027797
10.36,0.198005302
10.37,0.197982866
10.38,0.197960487
10.39,0.197938166
10.4,0.197915892
10.41,0.197893686
10.42,0.197871526
10.43,0.197849435
10.44,0.19782738
10.45,0.197805391
10.46,0.197783471
10.47,0.197761584
10.48,0.197739755
10.49,0.197717993
10.5,0.197696286
10.51,0.197674614
10.52,0.197653019
10.53,0.197631468
10.54,0.197609964
10.55,0.197588515
10.56,0.19756713
10.57,0.197545781
10.58,0.197524508
10.59,0.197503277
10.6,0.197482091
10.61,0.197460969
10.62,0.197439894
10.63,0.19741886
10.64,0.197397892
10.65,0.197376975
10.66,0.197356114
10.67,0.197335296
10.68,0.197314531
10.69,0.197293819
10.7,0.19727315
10.71,0.197252535
10.72,0.197231982
10.73,0.197211461
10.74,0.197191003
10.75,0.197170598
10.76,0.197150224
10.77,0.197129922
10.78,0.197109653
10.79,0.197089435
10.8,0.197069279
10.81,0.197049164
10.82,0.197029101
10.83,0.197009078
10.84,0.196989119
10.85,0.196969189
10.86,0.19694932
10.87,0.196929491
10.88,0.196909724
10.89,0.196889986
10.9,0.196870308
10.91,0.196850673
10.92,0.196831086
10.93,0.19681154
10.94,0.196792052
10.95,0.196772605
10.96,0.196753207
10.97,0.196733859
10.98,0.196714551
10.99,0.196695291
11.0,0.196676069
11.01,0.196656908
11.02,0.196637784
11.03,0.1966187
11.04,0.196599675
11.05,0.196580678
11.06,0.196561739
11.07,0.196542848
11.08,0.196523984
11.09,0.196505181
11.1,0.196486423
11.11,0.196467705
11.12,0.196449033
11.13,0.196430398
11.14,0.196411813
11.15,0.196393273
11.16,0.196374769
11.17,0.196356316
11.18,0.196337895
11.19,0.196319534
11.2,0.196301209
11.21,0.196282921
11.22,0.196264689
11.23,0.196246493
11.24,0.196228322
11.25,0.19621022
11.26,0.196192152
11.27,0.19617412
11.28,0.196156125
11.29,0.196138185
11.3,0.19612029
11.31,0.196102421
11.32,0.196084606
11.33,0.196066828
11.34,0.196049084
11.35,0.196031386
11.36,0.196013742
11.37,0.195996113
11.38,0.195978547
11.39,0.195961008
11.4,0.195943513
11.41,0.195926062
11.42,0.195908656
11.43,0.195891283
11.44,0.195873944
11.45,0.195856649
11.46,0.195839398
11.47,0.195824345
11.48,0.195809709
11.49,0.195795109
11.5,0.195780551
11.51,0.195766036
11.52,0.195751556
11.53,0.195737108
11.54,0.195722712
11.55,0.195708351
11.56,0.195694022
11.57,0.195679735
11.58,0.195665481
11.59,0.195651269
11.6,0.1956371
11.61,0.195622963
11.62,0.195608869
11.63,0.195594796
11.64,0.195580777
11.65,0.195566798
11.66,0.195552841
11.67,0.195538937
11.68,0.195525062
11.69,0.19551121
11.7,0.195497422
11.71,0.195483663
11.72,0.195469924
11.73,0.195456227
11.74,0.195442583
11.75,0.195428968
11.76,0.195415375
11.77,0.195401832
11.78,0.19538832
11.79,0.195374838
11.8,0.195361407
11.81,0.195347997
11.82,0.195334628
11.83,0.195321297
11.84,0.195307997
11.85,0.195294727
11.86,0.195281508
11.87,0.195268308
11.88,0.195255149
11.89,0.195242028
11.9,0.195228938
11.91,0.195215876
11.92,0.195202856
11.93,0.195189872
11.94,0.19517692
11.95,0.195163995
11.96,0.195151111
11.97,0.195138267
11.98,0.195125439
11.99,0.195112661
12.0,0.195099912
12.01,0.195087192
12.02,0.19507451
12.03,0.195061856
12.04,0.195049243
12.05,0.195036655
12.06,0.195024108
12.07,0.195011587
12.08,0.194999096
12.09,0.194986641
12.1,0.194974225
12.11,0.194961828
12.12,0.194949476
12.13,0.194937155
12.14,0.19492486
12.15,0.194912602
12.16,0.194900373
12.17,0.19488817
12.18,0.194876004
12.19,0.194863876
12.2,0.194851776
12.21,0.194839702
12.22,0.194827665
12.23,0.194815654
12.24,0.194803672
12.25,0.194791736
12.26,0.194779825
12.27,0.194767933
12.28,0.194756086
12.29,0.194744256
12.3,0.194732462
12.31,0.194720706
12.32,0.194708974
12.33,0.194697269
12.34,0.1946856
12.35,0.194673966
12.36,0.194662361
12.37,0.194650769
12.38,0.194639223
12.39,0.194627704
12.4,0.19461621
12.41,0.194604751
12.42,0.194593319
12.43,0.194581912
12.44,0.194570549
12.45,0.194559202
12.46,0.194547881
12.47,0.194536603
12.48,0.194525342
12.49,0.194514116
12.5,0.194502914
12.51,0.194491748
12.52,0.194480616
12.53,0.194469499
12.54,0.194458416
12.55,0.194447358
12.56,0.194436324
12.57,0.194425336
12.58,0.19441436
12.59,0.194403421
12.6,0.194392504
12.61,0.194381623
12.62,0.194370755
12.63,0.194359932
12.64,0.19434913
12.65,0.194338345
12.66,0.194327604
12.67,0.194316885
12.68,0.19430619
12.69,0.194295519
12.7,0.194284882
12.71,0.194274279
12.72,0.194263688
12.73,0.19425313
12.74,0.194242607
12.75,0.194232095
12.76,0.194221618
12.77,0.194211175
12.78,0.194200743
12.79,0.194190345
12.8,0.19417998
12.81,0.194169627
12.82,0.194159308
12.83,0.194149021
12.84,0.194138757
12.85,0.194128515
12.86,0.194118305
12.87,0.19410812
12.88,0.194097957
12.89,0.194087813
12.9,0.194077715
12.91,0.194067617
12.92,0.194057562
12.93,0.194047529
12.94,0.19403752
12.95,0.19402754
12.96,0.194017584
12.97,0.194007659
12.98,0.193997746
12.99,0.193987864
13.0,0.193978006
13.01,0.193968177
13.02,0.19395837
13.03,0.193948586
13.04,0.193938822
13.05,0.193929091
13.06,0.19391939
13.07,0.193909701
13.08,0.193900043
13.09,0.193890406
13.1,0.19388079
13.11,0.193871206
13.12,0.193861653
13.13,0.19385211
13.14,0.193842588
13.15,0.193833108
13.16,0.193823638
13.17,0.193814189
13.18,0.19380478
13.19,0.193795382
13.2,0.193786004
13.21,0.193776658
13.22,0.193767342
13.23,0.193758036
13.24,0.19374876
13.25,0.193739504
13.26,0.193730269
13.27,0.193721065
13.28,0.19371188
13.29,0.193702725
13.3,0.193693581
13.31,0.193684466
13.32,0.193675381
13.33,0.193666307
13.34,0.193657262
13.35,0.193648236
13.36,0.193639232
13.37,0.193630256
13.38,0.193621299
13.39,0.193612363
13.4,0.193603446
13.41,0.193594568
13.42,0.19358569
13.43,0.193576851
13.44,0.193568032
13.45,0.193559231
13.46,0.19355045
13.47,0.193541689
13.48,0.193532956
13.49,0.193524243
13.5,0.193515548
13.51,0.193506882
13.52,0.193498236
13.53,0.193489608
13.54,0.193481008
13.55,0.193472418
13.56,0.193463857
13.57,0.193455324
13.58,0.1934468
13.59,0.193438304
13.6,0.193429827
13.61,0.193421368
13.62,0.193412937
13.63,0.193404525
13.64,0.193396132
13.65,0.193387757
13.66,0.19337941
13.67,0.193371081
13.68,0.19336277
13.69,0.193354488
13.7,0.193346213
13.71,0.193337966
13.72,0.193329737
13.73,0.193321538
13.74,0.193313345
13.75,0.19330518
13.76,0.193297042
13.77,0.193288923
13.78,0.193280811
13.79,0.193272728
13.8,0.193264661
13.81,0.193256622
13.82,0.19324859
13.83,0.193240596
13.84,0.1932326
13.85,0.19322464
13.86,0.193216699
13.87,0.193208774
13.88,0.193200867
13.89,0.193192987
13.9,0.193185123
13.91,0.193177268
13.92,0.193169449
13.93,0.193161638
13.94,0.193153843
13.95,0.193146075
13.96,0.193138333
13.97,0.1931306
13.98,0.193122893
13.99,0.193115192
14.0,0.193107528
14.01,0.193099871
14.02,0.193092231
14.03,0.193084617
14.04,0.19307702
14.05,0.193069449
14.06,0.193061885
14.07,0.193054347
14.08,0.193046816
14.09,0.193039321
14.1,0.193031832
14.11,0.19302437
14.12,0.193016924
14.13,0.193009494
14.14,0.19300208
14.15,0.192994682
14.16,0.19298731
14.17,0.192979955
14.18,0.192972615
14.19,0.192965302
14.2,0.192958004
14.21,0.192950712
14.22,0.192943446
14.23,0.192936206
14.24,0.192928972
14.25,0.192921763
14.26,0.192914569
14.27,0.192907392
14.28,0.192900229
14.29,0.192893094
14.3,0.192885973
14.31,0.192878867
14.32,0.192871777
14.33,0.192864167
14.34,0.192854847
14.35,0.192845551
14.36,0.192836273
14.37,0.19282701
14.38,0.192817773
14.39,0.19280855
14.4,0.192799334
14.41,0.192790143
14.42,0.192780977
14.43,0.192771817
14.44,0.192762682
14.45,0.192753563
14.46,0.192744459
14.47,0.192735371
14.48,0.192726297
14.49,0.192717249
14.5,0.192708225
14.51,0.192699207
14.52,0.192690204
14.53,0.192681216
14.54,0.192672243
14.55,0.192663295
14.56,0.192654372
14.57,0.192645453
14.58,0.19263656
14.59,0.192627671
14.6,0.192618808
14.61,0.192609959
14.62,0.192601125
14.63,0.192592315
14.64,0.192583521
14.65,0.19257474
14.66,0.192565965
14.67,0.192557224
14.68,0.192548488
14.69,0.192539776
14.7,0.192531078
14.71,0.192522396
14.72,0.192513717
14.73,0.192505072
14.74,0.192496432
14.75,0.192487816
14.76,0.192479215
14.77,0.192470638
14.78,0.192462064
14.79,0.192453506
14.8,0.192444961
14.81,0.192436441
14.82,0.192427934
14.83,0.192419451
14.84,0.192410973
14.85,0.192402509
14.86,0.192394068
14.87,0.192385642
14.88,0.192377228
14.89,0.192368829
14.9,0.192360454
14.91,0.192352093
14.92,0.192343725
14.93,0.192335401
14.94,0.192327081
14.95,0.192318784
14.96,0.192310491
14.97,0.192302221
14.98,0.192293956
14.99,0.192285714
15.0,0.192277484
15.01,0.192269279
15.02,0.192261077
15.03,0.192252899
15.04,0.192244724
15.05,0.192236572
15.06,0.192228433
15.07,0.192220318
15.08,0.192212215
15.09,0.192204127
15.1,0.192196042
15.11,0.19218798
15.12,0.19217993
15.13,0.192171894
15.14,0.192163881
15.15,0.19215588
15.16,0.192147893
15.17,0.192139909
15.18,0.192131948
15.19,0.19212401
15.2,0.192116075
15.21,0.192108162
15.22,0.192100263
15.23,0.192092376
15.24,0.192084492
15.25,0.192076641
15.26,0.192068792
15.27,0.192060966
15.28,0.192053154
15.29,0.192045352
15.3,0.192037555
15.31,0.19202979
15.32,0.192022027
15.33,0.192014277
15.34,0.192006549
15.35,0.191998844
15.36,0.191991131
15.37,0.191983441
15.38,0.191975762
15.39,0.191968107
15.4,0.191960464
15.41,0.191952823
15.42,0.191945214
15.43,0.191937587
15.44,0.191930004
15.45,0.191922422
15.46,0.191914861
15.47,0.191907314
15.48,0.191899778
15.49,0.191892245
15.5,0.191884733
15.51,0.191877234
15.52,0.191869756
15.53,0.191862281
15.54,0.191854828
15.55,0.191847386
15.56,0.191839946
15.57,0.191832529
15.58,0.191825133
15.59,0.19181774
15.6,0.191810367
15.61,0.191803006
15.62,0.191795647
15.63,0.191788311
15.64,0.191780986
15.65,0.191773672
15.66,0.19176638
15.67,0.19175909
15.68,0.191751811
15.69,0.191744554
15.7,0.191737308
15.71,0.191730075
15.72,0.191722862
15.73,0.191715651
15.74,0.191708461
15.75,0.191701263
15.76,0.191694096
15.77,0.191686941
15.78,0.191679807
15.79,0.191672674
15.8,0.191665552
15.81,0.191658443
15.82,0.191651343
15.83,0.191644266
15.84,0.191637199
15.85,0.191630144
15.86,0.1916231
15.87,0.191616077
15.88,0.191609045
15.89,0.191602044
15.9,0.191595055
15.91,0.191588065
15.92,0.191581098
15.93,0.191574141
15.94,0.191567195
15.95,0.19156026
15.96,0.191553336
15.97,0.191546434
15.98,0.191539542
15.99,0.191532661
16.0,0.19152579
16.01,0.191518921
16.02,0.191512073
16.03,0.191505244
16.04,0.191498417
16.05,0.19149161
16.06,0.191484814
16.07,0.191478009
16.08,0.191471234
16.09,0.191464481
16.1,0.191457727
16.11,0.191450985
16.12,0.191444252
16.13,0.191437531
16.14,0.191430829
16.15,0.191424138
16.16,0.191417459
16.17,0.191410789
16.18,0.191404129
16.19,0.191397491
16.2,0.191390842
16.21,0.191384224
16.22,0.191377606
16.23,0.191371009
16.24,0.191364422
16.25,0.191357844
16.26,0.191351268
16.27,0.191344722
16.28,0.191338175
16.29,0.19133164
16.3,0.191325124
16.31,0.191318618
16.32,0.191312113
16.33,0.191305627
16.34,0.191299141
16.35,0.191292686
16.36,0.191286231
16.37,0.191279796
16.38,0.191273361
16.39,0.191266936
16.4,0.19126052
16.41,0.191254124
16.42,0.191247739
16.43,0.191241363
16.44,0.191235009
16.45,0.191228642
16.46,0.191222296
16.47,0.19121597
16.48,0.191209653
16.49,0.191203337
16.5,0.19119704
16.51,0.191190753
16.52,0.191184466
16.53,0.191178208
16.54,0.19117195
16.55,0.191165703
16.56,0.191159474
16.57,0.191153244
16.58,0.191147025
16.59,0.191140825
16.6,0.191134635
16.61,0.191128453
16.62,0.191122283
16.63,0.191116121
16.64,0.19110998
16.65,0.191103825
16.66,0.191097703
16.67,0.191091579
16.68,0.191085474
16.69,0.191079379
16.7,0.191073293
16.71,0.191067207
16.72,0.19106115
16.73,0.191055092
16.74,0.191049044
16.75,0.191043014
16.76,0.191036985
16.77,0.191030964
16.78,0.191024963
16.79,0.191018969
16.8,0.191012987
16.81,0.191007013
16.82,0.191001048
16.83,0.190995093
16.84,0.190989147
16.85,0.190983208
16.86,0.19097729
16.87,0.190971371
16.88,0.19096547
16.89,0.190959579
16.9,0.190953687
16.91,0.190947814
16.92,0.19094196
16.93,0.190936104
16.94,0.190930258
16.95,0.19092443
16.96,0.190918602
16.97,0.190912782
16.98,0.190906981
16.99,0.190901179
17.0,0.190895396
17.01,0.190889621
17.02,0.190883855
17.03,0.190878099
17.04,0.19087235
17.05,0.190866611
17.06,0.190860891
17.07,0.190855178
17.08,0.190849464
17.09,0.19084377
17.1,0.190838074
17.11,0.190832397
17.12,0.190826728
17.13,0.190821069
17.14,0.190815417
17.15,0.190809784
17.16,0.190804139
17.17,0.190798523
17.18,0.190792906
17.19,0.190787307
17.2,0.190780551
17.21,0.190774586
17.22,0.190768619
17.23,0.190762669
17.24,0.190756727
17.25,0.190750793
17.26,0.190744868
17.27,0.190738961
17.28,0.190733051
17.29,0.19072715
17.3,0.190721266
17.31,0.190715381
17.32,0.190709513
17.33,0.190703652
17.34,0.190697802
17.35,0.190691947
17.36,0.190686111
17.37,0.190680292
17.38,0.190674471
17.39,0.190668669
17.4,0.190662864
17.41,0.190657077
17.42,0.190651277
17.43,0.190645506
17.44,0.190639741
17.45,0.190633986
17.46,0.190628237
17.47,0.190622496
17.48,0.190616753
17.49,0.190611028
17.5,0.190605319
17.51,0.19059961
17.52,0.190593917
17.53,0.190588222
17.54,0.190582535
17.55,0.190576865
17.56,0.190571202
17.57,0.190565547
17.58,0.19055989
17.59,0.19055426
17.6,0.190548628
17.61,0.190542993
17.62,0.190537375
17.63,0.190531776
17.64,0.190526173
17.65,0.190520587
17.66,0.19051501
17.67,0.190509419
17.68,0.190503857
17.69,0.190498301
17.7,0.190492753
17.71,0.190487212
17.72,0.190481678
17.73,0.190476151
17.74,0.190470623
17.75,0.190465121
17.76,0.190459616
17.77,0.190454129
17.78,0.190448639
17.79,0.190443166
17.8,0.19043769
17.81,0.190432231
17.82,0.19042677
17.83,0.190421326
17.84,0.190415889
17.85,0.190410459
17.86,0.190405036
17.87,0.19039962
17.88,0.190394211
17.89,0.19038882
17.9,0.190383426
17.91,0.190378037
17.92,0.190372668
17.93,0.190367294
17.94,0.190361938
17.95,0.190356578
17.96,0.190351246
17.97,0.1903459
17.98,0.190340582
17.99,0.19033525
18.0,0.190329935
18.01,0.190324627
18.02,0.190319326
18.03,0.190314042
18.04,0.190308755
18.05,0.190303485
18.06,0.190298201
18.07,0.190292945
18.08,0.190287694
18.09,0.190282451
18.1,0.190277215
18.11,0.190271985
18.12,0.190266753
18.13,0.190261537
18.14,0.190256327
18.15,0.190251125
18.16,0.190245929
18.17,0.190240749
18.18,0.190235567
18.19,0.190230391
18.2,0.190225232
18.21,0.190220069
18.22,0.190214924
18.23,0.190209784
18.24,0.190204652
18.25,0.190199505
18.26,0.190194386
18.27,0.190189273
18.28,0.190184177
18.29,0.190179077
18.3,0.190173983
18.31,0.190168897
18.32,0.190163817
18.33,0.190158742
18.34,0.190153686
18.35,0.190148635
18.36,0.19014358
18.37,0.190138542
18.38,0.190133501
18.39,0.190128465
18.4,0.190123457
18.41,0.190118434
18.42,0.190113439
18.43,0.190108439
18.44,0.190103436
18.45,0.190098449
18.46,0.190093468
18.47,0.190088494
18.48,0.190083536
18.49,0.190078575
18.5,0.190073629
18.51,0.19006868
18.52,0.190063737
18.53,0.190058811
18.54,0.190053891
18.55,0.190048977
18.56,0.190044068
18.57,0.190039157
18.58,0.190034261
18.59,0.190029372
18.6,0.190024489
18.61,0.190019612
18.62,0.19001474
18.63,0.190009876
18.64,0.190005017
18.65,0.190000175
18.66,0.189995328
18.67,0.189990498
18.68,0.189985664
18.69,0.189980846
18.7,0.189976024
18.71,0.189971218
18.72,0.189966418
18.73,0.189961624
18.74,0.189956835
18.75,0.189952054
18.76,0.189947268
18.77,0.189942498
18.78,0.189937733
18.79,0.189932985
18.8,0.189928233
18.81,0.189923487
18.82,0.189918756
18.83,0.189914012
18.84,0.189909293
18.85,0.189904581
18.86,0.189899864
18.87,0.189895163
18.88,0.189890468
18.89,0.189885768
18.9,0.189881085
18.91,0.189876398
18.92,0.189871736
18.93,0.189867069
18.94,0.18986241
18.95,0.189857755
18.96,0.189853096
18.97,0.189848463
18.98,0.189843827
18.99,0.189839195
19.0,0.189834579
19.01,0.189829959
19.02,0.189825345
19.03,0.189820746
19.04,0.189816153
19.05,0.189811556
19.06,0.189806975
19.07,0.189802399
19.08,0.189797818
19.09,0.189793254
19.1,0.189788694
19.11,0.189784141
19.12,0.189779593
19.13,0.189775051
19.14,0.189770525
19.15,0.189765983
19.16,0.189761458
19.17,0.189756948
19.18,0.189752433
19.19,0.189747925
19.2,0.189743431
19.21,0.189738933
19.22,0.18973444
19.23,0.189729964
19.24,0.189725492
19.25,0.189721026
19.26,0.189716556
19.27,0.189712101
19.28,0.189707641
19.29,0.189703197
19.3,0.189698758
19.31,0.189694325
19.32,0.189689906
19.33,0.189685484
19.34,0.189681057
19.35,0.189676655
19.36,0.189672248
19.37,0.189667847
19.38,0.189663461
19.39,0.189659071
19.4,0.189654686
19.41,0.189650306
19.42,0.189645941
19.43,0.189641582
19.44,0.189637229
19.45,0.189632869
19.46,0.189628526
19.47,0.189624178
19.48,0.189619845
19.49,0.189615517
19.5,0.189611195
19.51,0.189606878
19.52,0.189602576
19.53,0.189598259
19.54,0.189593957
19.55,0.189589661
19.56,0.18958538
19.57,0.189581093
19.58,0.189576812
19.59,0.189572547
19.6,0.189568266
19.61,0.18956401
19.62,0.189559759
19.63,0.189555504
19.64,0.189551264
19.65,0.189547029
19.66,0.189542788
19.67,0.189538554
19.68,0.189534334
19.69,0.189530119
19.7,0.189525909
19.71,0.189521704
19.72,0.189517505
19.73,0.1895133
19.74,0.18950912
19.75,0.189504935
19.76,0.189500755
19.77,0.18949658
19.78,0.18949242
19.79,0.189488245
19.8,0.189484096
19.81,0.18947994
19.82,0.189475801
19.83,0.189471655
19.84,0.189467525
19.85,0.189463389
19.86,0.189459259
19.87,0.189455144
19.88,0.189451033
19.89,0.189446928
19.9,0.189442816
19.91,0.189438721
19.92,0.189434629
19.93,0.189430543
19.94,0.189426462
19.95,0.189422385
19.96,0.189418313
19.97,0.189414246
19.98,0.189410173
19.99,0.189406126
20.0,0.189402073
20.01,0.189398026
20.02,0.189393993
20.03,0.189389954
20.04,0.189385921
20.05,0.189381891
20.06,0.189377878
20.07,0.189373858
20.08,0.189369853
20.09,0.189365843
20.1,0.189361848
20.11,0.189357847
20.12,0.189353861
20.13,0.18934988
20.14,0.189345904
20.15,0.189341932
20.16,0.189337954
20.17,0.189333992
20.18,0.189330034
20.19,0.18932608
20.2,0.189322132
20.21,0.189318188
20.22,0.189314258
20.23,0.189310323
20.24,0.189306383
20.25,0.189302457
20.26,0.189298546
20.27,0.189294629
20.28,0.189290717
20.29,0.18928682
20.3,0.189282916
20.31,0.189279018
20.32,0.189275134
20.33,0.189271255
20.34,0.18926737
20.35,0.189263499
20.36,0.189259633
20.37,0.189255751
20.38,0.189251895
20.39,0.189248043
20.4,0.189244195
20.41,0.189240351
20.42,0.189236512
20.43,0.189232667
20.44,0.189228837
20.45,0.189225011
20.46,0.189221199
20.47,0.189217383
20.48,0.18921357
20.49,0.189209752
20.5,0.189205958
20.51,0.189202158
20.52,0.189198363
20.53,0.189194583
20.54,0.189190796
20.55,0.189187024
20.56,0.189183237
20.57,0.189179473
20.58,0.189175704
20.59,0.18917195
20.6,0.18916819
20.61,0.189164443
20.62,0.189160692
20.63,0.189156954
20.64,0.189153221
20.65,0.189149492
20.66,0.189145768
20.67,0.189142047
20.68,0.189138321
20.69,0.1891346
20.7,0.189130902
20.71,0.189127198
20.72,0.189123499
20.73,0.189119804
20.74,0.189116114
20.75,0.189112417
20.76,0.189108735
20.77,0.189105067
20.78,0.189101392
20.79,0.189097723
20.8,0.189094067
20.81,0.189090406
20.82,0.189086748
20.83,0.189083095
20.84,0.189079456
20.85,0.189075811
20.86,0.189072181
20.87,0.189068554
20.88,0.189064912
20.89,0.189061294
20.9,0.189057669
20.91,0.189054059
20.92,0.189050452
20.93,0.189046851
20.94,0.189043243
20.95,0.189039649
20.96,0.189036059
20.97,0.189032473
20.98,0.189028892
20.99,0.189025304
21.0,0.18902173
21.01,0.189018161
21.02,0.189014595
21.03,0.189011034
21.04,0.189007476
21.05,0.189003922
21.06,0.189000383
21.07,0.188996827
21.08,0.188993295
21.09,0.188989758
21.1,0.188986224
21.11,0.188982694
21.12,0.188979178
21.13,0.188975657
21.14,0.188972139
21.15,0.188968625
21.16,0.188965125
21.17,0.188961629
21.18,0.188958127
21.19,0.188954638
21.2,0.188951144
21.21,0.188947653
21.22,0.188944177
21.23,0.188940704
21.24,0.188937235
21.25,0.18893377
21.26,0.188930299
21.27,0.188926832
21.28,0.188923389
21.29,0.188919929
21.3,0.188916493
21.31,0.188913041
21.32,0.188909613
21.33,0.188906169
21.34,0.188902739
21.35,0.188899312
21.36,0.188895889
21.37,0.18889247
21.38,0.188889065
21.39,0.188885643
21.4,0.188882246
21.41,0.188878842
21.42,0.188875442
21.43,0.188872045
21.44,0.188868662
21.45,0.188865274
21.46,0.188861889
21.47,0.188858518
21.48,0.188855139
21.49,0.188851776
21.5,0.188848405
21.51,0.188845049
21.52,0.188841686
21.53,0.188838326
21.54,0.188834981
21.55,0.188831639
21.56,0.188828291
21.57,0.188824957
21.58,0.188821616
21.59,0.188818289
21.6,0.188814966
21.61,0.188811646
21.62,0.18880833
21.63,0.188805017
21.64,0.188801709
21.65,0.188798393
21.66,0.188795091
21.67,0.188791793
21.68,0.188788499
21.69,0.188785208
21.7,0.188781921
21.71,0.188778637
21.72,0.188775357
21.73,0.188772081
21.74,0.188768808
21.75,0.188765549
21.76,0.188762283
21.77,0.18875903
21.78,0.188755762
21.79,0.188752507
21.8,0.188749265
21.81,0.188746017
21.82,0.188742783
21.83,0.188739542
21.84,0.188736304
21.85,0.18873308
21.86,0.18872985
21.87,0.188726633
21.88,0.18872342
21.89,0.1887202
21.9,0.188716993
21.91,0.18871378
21.92,0.18871057
21.93,0.188707374
21.94,0.188704182
21.95,0.188700993
21.96,0.188697807
21.97,0.188694615
21.98,0.188691436
21.99,0.18868826
22.0,0.188685088
22.01,0.18868192
22.02,0.188678755
22.03,0.188675583
22.04,0.188672425
22.05,0.18866927
22.06,0.188666118
22.07,0.18866297
22.08,0.188659825
22.09,0.188656694
22.1,0.188653546
22.11,0.188650412
22.12,0.18864728
22.13,0.188644163
22.14,0.188641038
22.15,0.188637917
22.16,0.188634799
22.17,0.188631684
22.18,0.188628583
22.19,0.188625475
22.2,0.188622371
22.21,0.18861928
22.22,0.188616192
22.23,0.188613087
22.24,0.188610006
22.25,0.188606928
22.26,0.188603843
22.27,0.188600772
22.28,0.188597694
22.29,0.188594619
22.3,0.188591557
22.31,0.188588499
22.32,0.188585444
22.33,0.188582382
22.34,0.188579333
22.35,0.188576278
22.36,0.188573236
22.37,0.188570198
22.38,0.188567162
22.39,0.188564129
22.4,0.18856109
22.41,0.188558064
22.42,0.188555042
22.43,0.188552012
22.44,0.188549006
22.45,0.188545992
22.46,0.188542983
22.47,0.188539976
22.48,0.188536962
22.49,0.188533962
22.5,0.188530965
22.51,0.188527981
22.52,0.188524989
22.53,0.188522002
22.54,0.188519018
22.55,0.188516035
22.56,0.188513058
22.57,0.188510092
22.58,0.18850712
22.59,0.188504151
22.6,0.188501196
22.61,0.188498223
22.62,0.188495273
22.63,0.188492317
22.64,0.188489373
22.65,0.188486423
22.66,0.188483486
22.67,0.188480542
22.68,0.188477601
22.69,0.188474673
22.7,0.188471738
22.71,0.188468816
22.72,0.188465898
22.73,0.188462972
22.74,0.188460049
22.75,0.18845714
22.76,0.188454233
22.77,0.18845132
22.78,0.18844842
22.79,0.188445522
22.8,0.188442618
22.81,0.188439726
22.82,0.188436838
22.83,0.188433953
22.84,0.18843106
22.85,0.188428181
22.86,0.188425305
22.87,0.188422421
22.88,0.188419561
22.89,0.188416693
22.9,0.188413819
22.91,0.188410968
22.92,0.18840811
22.93,0.188402044
22.94,0.188398989
22.95,0.188395937
22.96,0.188392898
22.97,0.188389852
22.98,0.188386809
22.99,0.18838377
23.0,0.188380733
23.01,0.1883777
23.02,0.188374669
23.03,0.188371642
23.04,0.188368628
23.05,0.188365607
23.06,0.188362589
23.07,0.188359574
23.08,0.188356562
23.09,0.188353564
23.1,0.188350558
23.11,0.188347565
23.12,0.188344565
23.13,0.188341569
23.14,0.188338576
23.15,0.188335595
23.16,0.188332608
23.17,0.188329633
23.18,0.188326661
23.19,0.188323684
23.2,0.188320708
23.21,0.188317745
23.22,0.188314786
23.23,0.18831182
23.24,0.188308866
23.25,0.188305906
23.26,0.188302959
23.27,0.188300004
23.28,0.188297063
23.29,0.188294125
23.3,0.188291189
23.31,0.188288257
23.32,0.188285317
23.33,0.18828239
23.34,0.188279467
23.35,0.188276546
23.36,0.188273618
23.37,0.188270704
23.38,0.188267792
23.39,0.188264883
23.4,0.188261977
23.41,0.188259074
23.42,0.188256174
23.43,0.188253276
23.44,0.188250372
23.45,0.18824748
23.46,0.188244593
23.47,0.188241707
23.48,0.188238824
23.49,0.188235954
23.5,0.188233077
23.51,0.188230203
23.52,0.188227332
23.53,0.188224464
23.54,0.188221598
23.55,0.188218736
23.56,0.188215886
23.57,0.18821302
23.58,0.188210175
23.59,0.188207324
23.6,0.188204486
23.61,0.188201641
23.62,0.188198798
23.63,0.188195968
23.64,0.188193122
23.65,0.188190297
23.66,0.188187466
23.67,0.188184648
23.68,0.188181822
23.69,0.188179009
23.7,0.188176189
23.71,0.188173372
23.72,0.188170567
23.73,0.188167756
23.74,0.188164957
23.75,0.188162151
23.76,0.188159358
23.77,0.188156557
23.78,0.188153769
23.79,0.188150974
23.8,0.188148193
23.81,0.188145413
23.82,0.188142636
23.83,0.188139853
23.84,0.188137072
23.85,0.188134303
23.86,0.188131537
23.87,0.188128774
23.88,0.188126014
23.89,0.188123247
23.9,0.188120492
23.91,0.18811774
23.92,0.188114991
23.93,0.188112235
23.94,0.18810949
23.95,0.18810675
23.96,0.188104011
23.97,0.188101275
23.98,0.188098542
23.99,0.188095812
24.0,0.188093084
24.01,0.188090359
24.02,0.188087627
24.03,0.188084907
24.04,0.188082191
24.05,0.188079477
24.06,0.188076775
24.07,0.188074066
24.08,0.18807136
24.09,0.188068646
24.1,0.188065945
24.11,0.188063257
24.12,0.188060561
24.13,0.188057868
24.14,0.188055178
24.15,0.188052491
24.16,0.188049805
24.17,0.188047133
24.18,0.188044453
24.19,0.188041776
24.2,0.188039101
24.21,0.188036429
24.22,0.18803377
24.23,0.188031103
24.24,0.188028439
24.25,0.188025788
24.26,0.188023129
24.27,0.188020482
24.28,0.188017818
24.29,0.188015177
24.3,0.188012528
24.31,0.188009893
24.32,0.188007249
24.33,0.188004618
24.34,0.18800198
24.35,0.187999344
24.36,0.187996721
24.37,0.18799409
24.38,0.187991472
24.39,0.187988857
24.4,0.187986234
24.41,0.187983623
24.42,0.187981005
24.43,0.1879784
24.44,0.187975787
24.45,0.187973187
24.46,0.187970589
24.47,0.187967983
24.48,0.187965391
24.49,0.18796279
24.5,0.187960203
24.51,0.187957618
24.52,0.187955035
24.53,0.187952445
24.54,0.187949867
24.55,0.187947292
24.56,0.187944719
24.57,0.187942149
24.58,0.187939581
24.59,0.187937006
24.6,0.187934443
24.61,0.187931873
24.62,0.187929315
24.63,0.18792677
24.64,0.187924206
24.65,0.187921656
24.66,0.187919108
24.67,0.187916563
24.68,0.187914019
24.69,0.187911479
24.7,0.187908941
24.71,0.187906405
24.72,0.187903872
24.73,0.187901331
24.74,0.187898812
24.75,0.187896286
24.76,0.187893762
24.77,0.187891241
24.78,0.187888722
24.79,0.187886206
24.8,0.187883692
24.81,0.187881181
24.82,0.187878671
24.83,0.187876165
24.84,0.187873671
24.85,0.187871169
24.86,0.187868669
24.87,0.187866172
24.88,0.187863677
24.89,0.187861195
24.9,0.187858704
24.91,0.187856217
24.92,0.187853732
24.93,0.187851249
24.94,0.187848778
24.95,0.1878463
24.96,0.187843824
24.97,0.187841361
24.98,0.18783889
24.99,0.187836421
25.0,0.187833955
0.01,0.346607318
0.02,0.397785633
0.03,0.408738488
0.04,0.411280116
0.05,0.411157816
0.06,0.410036062
0.07,0.408524181
0.08,0.406876974
0.09,0.405209335
0.1,0.404496291
0.11,0.404464966
0.12,0.404433658
0.13,0.404402367
0.14,0.404371095
0.15,0.404339841
0.16,0.404308605
0.17,0.404277388
0.18,0.404246189
0.19,0.404215009
0.2,0.404183847
0.21,0.404152705
0.22,0.404121582
0.23,0.404090478
0.24,0.404059394
0.25,0.404028329
0.26,0.404126986
0.27,0.40422568
0.28,0.404324377
0.29,0.404423095
0.3,0.404521849
0.31,0.404620607
0.32,0.404719402
0.33,0.404818201
0.34,0.40491702
0.35,0.405015877
0.36,0.405114739
0.37,0.405213621
0.38,0.405312541
0.39,0.405411466
0.4,0.405510429
0.41,0.405609397
0.42,0.405708386
0.43,0.405807413
0.44,0.405906463
0.45,0.406005517
0.46,0.406104594
0.47,0.406203709
0.48,0.40630283
0.49,0.406401973
0.5,0.406501155
0.51,0.406600343
0.52,0.40669957
0.53,0.406798803
0.54,0.406898058
0.55,0.406997354
0.56,0.407096655
0.57,0.407195979
0.58,0.407295343
0.59,0.407224351
0.6,0.407153365
0.61,0.407317116
0.62,0.407472475
0.63,0.407627856
0.64,0.407783262
0.65,0.407938673
0.66,0.408094125
0.67,0.408249601
0.68,0.408405101
0.69,0.408560624
0.7,0.408716171
0.71,0.408871742
0.72,0.409027337
0.73,0.409182956
0.74,0.409338599
0.75,0.409494266
0.76,0.409649958
0.77,0.409805656
0.78,0.409961396
0.79,0.41011716
0.8,0.410272949
0.81,0.410428762
0.82,0.410584599
0.83,0.410740461
0.84,0.410896348
0.85,0.411052259
0.86,0.411208178
0.87,0.411364156
0.88,0.411520124
0.89,0.411676134
0.9,0.411832169
0.91,0.415854389
0.92,0.42472822
0.93,0.439004442
0.94,0.455044345
0.95,0.471084248
0.96,0.487124151
0.97,0.503164054
0.98,0.519203957
0.99,0.535243861
1.0,0.551283764
1.01,0.567323667
1.02,0.58336357
1.03,0.599403473
1.04,0.615443376
1.05,0.631483279
1.06,0.631569722
1.07,0.631618743
1.08,0.63163733
1.09,0.631631057
1.1,0.631604445
1.11,0.631561039
1.12,0.630932624
1.13,0.630125067
1.14,0.629387944
1.15,0.628711987
1.16,0.627552322
1.17,0.626413821
1.18,0.625309079
1.19,0.624015742
1.2,0.62216
1.21,0.620306633
1.22,0.61849011
1.23,0.616709344
1.24,0.614963401
1.25,0.613251478
1.26,0.61157287
1.27,0.609926922
1.28,0.608313071
1.29,0.606730739
1.3,0.605179507
1.31,0.603658904
1.32,0.602168502
1.33,0.600707945
1.34,0.599276867
1.35,0.597874949
1.36,0.596501869
1.37,0.595157328
1.38,0.593841071
1.39,0.59255283
1.4,0.591292362
1.41,0.590059431
1.42,0.58885384
1.43,0.587675384
1.44,0.586508908
1.45,0.585360935
1.46,0.584239542
1.47,0.583144549
1.48,0.582075825
1.49,0.581033222
1.5,0.580016593
1.51,0.57902577
1.52,0.578060703
1.53,0.577121211
1.54,0.57620725
1.55,0.575318649
1.56,0.574455345
1.57,0.573617244
1.58,0.572416206
1.59,0.570503508
1.6,0.568595428
1.61,0.566692651
1.62,0.564795811
1.63,0.562905375
1.64,0.561021801
1.65,0.559145462
1.66,0.557276737
1.67,0.555415879
1.68,0.553563178
1.69,0.551718762
1.7,0.549882901
1.71,0.548055672
1.72,0.546237215
1.73,0.544427608
1.74,0.542626963
1.75,0.540835298
1.76,0.539052664
1.77,0.537279102
1.78,0.535514593
1.79,0.533759127
1.8,0.53201273
1.81,0.530275367
1.82,0.528546991
1.83,0.526827595
1.84,0.525117065
1.85,0.523415474
1.86,0.521722657
1.87,0.520038606
1.88,0.518363243
1.89,0.516696522
1.9,0.515038345
1.91,0.513388654
1.92,0.511747366
1.93,0.510114422
1.94,0.508489772
1.95,0.506873294
1.96,0.505264921
1.97,0.503664576
1.98,0.502014142
1.99,0.500371578
2.0,0.498736803
2.01,0.497234127
2.02,0.49575449
2.03,0.494297858
2.04,0.492850306
2.05,0.491411732
2.06,0.489982071
2.07,0.488561241
2.08,0.487149128
2.09,0.48574563
2.1,0.484350694
2.11,0.482964248
2.12,0.48158614
2.13,0.48021631
2.14,0.478854699
2.15,0.477501221
2.16,0.476155735
2.17,0.474818227
2.18,0.473488587
2.19,0.472166751
2.2,0.470852596
2.21,0.469546091
2.22,0.46824712
2.23,0.466955621
2.24,0.465671547
2.25,0.464394762
2.26,0.463125256
2.27,0.46186293
2.28,0.460607694
2.29,0.459359484
2.3,0.458118243
2.31,0.456883872
2.32,0.455656321
2.33,0.454435521
2.34,0.453221404
2.35,0.452013889
2.36,0.450812936
2.37,0.449618419
2.38,0.448430345
2.39,0.447248595
2.4,0.446073134
2.41,0.444903875
2.42,0.443740796
2.43,0.442583776
2.44,0.441432782
2.45,0.44028774
2.46,0.439324675
2.47,0.43836743
2.48,0.43741596
2.49,0.436470196
2.5,0.4355301
2.51,0.434595612
2.52,0.433666655
2.53,0.432743166
2.54,0.431825079
2.55,0.43091239
2.56,0.430004985
2.57,0.429102828
2.58,0.428205837
2.59,0.427314022
2.6,0.426427239
2.61,0.4255455
2.62,0.424668732
2.63,0.423796862
2.64,0.422929823
2.65,0.422067596
2.66,0.421210121
2.67,0.42035732
2.68,0.419509151
2.69,0.418665565
2.7,0.417826485
2.71,0.416991896
2.72,0.416161722
2.73,0.415335913
2.74,0.414514402
2.75,0.413697156
2.76,0.412884091
2.77,0.412075228
2.78,0.411270418
2.79,0.410469682
2.8,0.409672926
2.81,0.408880105
2.82,0.408091188
2.83,0.407306113
2.84,0.406524808
2.85,0.40574725
2.86,0.404973386
2.87,0.404203145
2.88,0.403436473
2.89,0.40267335
2.9,0.401913704
2.91,0.401157493
2.92,0.400404659
2.93,0.399655133
2.94,0.398908904
2.95,0.398165888
2.96,0.397426056
2.97,0.39668934
2.98,0.395968669
2.99,0.395243652
3.0,0.394521741
3.01,0.393835849
3.02,0.393200066
3.03,0.392566771
3.04,0.391935931
3.05,0.391307574
3.06,0.390681665
3.07,0.390058181
3.08,0.38943714
3.09,0.388818546
3.1,0.38820236
3.11,0.387588581
3.12,0.386977215
3.13,0.386368274
3.14,0.385761693
3.15,0.385157512
3.16,0.384555729
3.17,0.383956285
3.18,0.383359207
3.19,0.382764506
3.2,0.382172139
3.21,0.381582122
3.22,0.380994433
3.23,0.380409085
3.24,0.379826037
3.25,0.379245327
3.26,0.378666889
3.27,0.378090771
3.28,0.3775169
3.29,0.376945357
3.3,0.376376066
3.31,0.375809047
3.32,0.375244277
3.33,0.374681765
3.34,0.374121485
3.35,0.373563424
3.36,0.373007636
3.37,0.372454028
3.38,0.371902643
3.39,0.37135346
3.4,0.370806463
3.41,0.370261659
3.42,0.369719017
3.43,0.369178567
3.44,0.368640274
3.45,0.368104143
3.46,0.367570145
3.47,0.367038288
3.48,0.366508538
3.49,0.36598095
3.5,0.365455455
3.51,0.364932069
3.52,0.364410769
3.53,0.363891584
3.54,0.363374444
3.55,0.362859418
3.56,0.362346426
3.57,0.361835497
3.58,0.361326632
3.59,0.360833917
3.6,0.360352296
3.61,0.359872708
3.62,0.359395102
3.63,0.358919543
3.64,0.358436144
3.65,0.357925903
3.66,0.35741765
3.67,0.356911307
3.68,0.3564069
3.69,0.355904425
3.7,0.355403832
3.71,0.354905164
3.72,0.354408387
3.73,0.353913503
3.74,0.353420535
3.75,0.352929411
3.76,0.352440146
3.77,0.351952748
3.78,0.351467221
3.79,0.350983526
3.8,0.35050169
3.81,0.350021662
3.82,0.349543456
3.83,0.349067075
3.84,0.348592489
3.85,0.348119725
3.86,0.347627278
3.87,0.347136618
3.88,0.346647729
3.89,0.346160616
3.9,0.345675265
3.91,0.345191667
3.92,0.344709805
3.93,0.344229686
3.94,0.343751285
3.95,0.343274644
3.96,0.342799675
3.97,0.342326416
3.98,0.341854856
3.99,0.341384978
4.0,0.340916797
4.01,0.340461918
4.02,0.340008678
4.03,0.339557055
4.04,0.339107028
4.05,0.338658615
4.06,0.33821181
4.07,0.337766565
4.08,0.337322925
4.09,0.336880834
4.1,0.336440311
4.11,0.336001348
4.12,0.335563926
4.13,0.33512805
4.14,0.334693698
4.15,0.334260876
4.16,0.333829558
4.17,0.333399761
4.18,0.332971441
4.19,0.332544639
4.2,0.332119306
4.21,0.331695441
4.22,0.33127305
4.23,0.330852108
4.24,0.330432628
4.25,0.330014589
4.26,0.329597974
4.27,0.329182796
4.28,0.328769016
4.29,0.328356654
4.3,0.327945705
4.31,0.32753613
4.32,0.327127961
4.33,0.326721158
4.34,0.326315713
4.35,0.325911639
4.36,0.325508911
4.37,0.325107525
4.38,0.324707483
4.39,0.324313943
4.4,0.323933585
4.41,0.323554199
4.42,0.323175769
4.43,0.322798304
4.44,0.322421782
4.45,0.3220462
4.46,0.321671578
4.47,0.321297869
4.48,0.3209251
4.49,0.320553259
4.5,0.320182311
4.51,0.319812292
4.52,0.319443172
4.53,0.319074941
4.54,0.318707622
4.55,0.318341179
4.56,0.317975622
4.57,0.317610924
4.58,0.317247106
4.59,0.316884151
4.6,0.316522058
4.61,0.316160795
4.62,0.315800403
4.63,0.315440833
4.64,0.315082112
4.65,0.314724201
4.66,0.314367104
4.67,0.314010839
4.68,0.313655376
4.69,0.313300704
4.7,0.312946846
4.71,0.312593752
4.72,0.312241471
4.73,0.311889935
4.74,0.311539186
4.75,0.311189213
4.76,0.310839969
4.77,0.310491494
4.78,0.310143766
4.79,0.309796769
4.8,0.309450509
4.81,0.309104975
4.82,0.308760147
4.83,0.308416056
4.84,0.308072657
4.85,0.307729947
4.86,0.307387958
4.87,0.30704664
4.88,0.306706007
4.89,0.306366036
4.9,0.306026747
4.91,0.305688118
4.92,0.305350139
4.93,0.305012794
4.94,0.304676124
4.95,0.304340065
4.96,0.30400465
4.97,0.303669848
4.98,0.303335656
4.99,0.303002082
5.0,0.302669098
5.01,0.302385605
5.02,0.302066984
5.03,0.301749188
5.04,0.301432214
5.05,0.301116045
5.06,0.300800663
5.07,0.300486095
5.08,0.3001723
5.09,0.299859276
5.1,0.299547015
5.11,0.299235515
5.12,0.298924766
5.13,0.298614747
5.14,0.298305479
5.15,0.297996927
5.16,0.297689087
5.17,0.297381965
5.18,0.297075529
5.19,0.29676978
5.2,0.296464718
5.21,0.296160332
5.22,0.295856605
5.23,0.295553548
5.24,0.295251122
5.25,0.294949352
5.26,0.294648198
5.27,0.29434768
5.28,0.294047784
5.29,0.293748472
5.3,0.293449775
5.31,0.293151668
5.32,0.29285414
5.33,0.292557179
5.34,0.29226079
5.35,0.291964961
5.36,0.291669685
5.37,0.291374947
5.38,0.291080732
5.39,0.290787059
5.4,0.290493891
5.41,0.290201237
5.42,0.289909082
5.43,0.289617413
5.44,0.289326244
5.45,0.28903554
5.46,0.2887453
5.47,0.288455534
5.48,0.288166206
5.49,0.287877327
5.5,0.287588891
5.51,0.287300873
5.52,0.28701328
5.53,0.286726099
5.54,0.286439317
5.55,0.286152941
5.56,0.285866942
5.57,0.285581332
5.58,0.285296086
5.59,0.285011208
5.6,0.284726692
5.61,0.284442514
5.62,0.284158677
5.63,0.283875183
5.64,0.283591992
5.65,0.283309148
5.66,0.283026591
5.67,0.282744328
5.68,0.282462376
5.69,0.282180707
5.7,0.2818993
5.71,0.281618177
5.72,0.281337316
5.73,0.281056701
5.74,0.280799698
5.75,0.280560092
5.76,0.28032073
5.77,0.280081575
5.78,0.279842631
5.79,0.279603909
5.8,0.279365376
5.81,0.279127041
5.82,0.278888886
5.83,0.278650912
5.84,0.278413096
5.85,0.27817545
5.86,0.27793794
5.87,0.277700606
5.88,0.277463379
5.89,0.277226302
5.9,0.276989337
5.91,0.276752484
5.92,0.276515746
5.93,0.276279106
5.94,0.276042559
5.95,0.275806094
5.96,0.275569689
5.97,0.275333371
5.98,0.275097111
5.99,0.274860901
6.0,0.274624748
6.01,0.274407071
6.02,0.274210753
6.03,0.274014922
6.04,0.273819583
6.05,0.273624742
6.06,0.273430382
6.07,0.273236509
6.08,0.273043128
6.09,0.272850223
6.1,0.272657798
6.11,0.272465863
6.12,0.272274394
6.13,0.272083408
6.14,0.271892891
6.15,0.271702848
6.16,0.271513278
6.17,0.271324162
6.18,0.271135532
6.19,0.270947358
6.2,0.270759642
6.21,0.270572402
6.22,0.270385611
6.23,0.270199282
6.24,0.270013411
6.25,0.269827993
6.26,0.269643024
6.27,0.269458508
6.28,0.269274444
6.29,0.269090829
6.3,0.268907658
6.31,0.268724929
6.32,0.268542646
6.33,0.268360801
6.34,0.268179408
6.35,0.267998434
6.36,0.267817902
6.37,0.267634626
6.38,0.267449013
6.39,0.267263876
6.4,0.267079222
6.41,0.266895041
6.42,0.266711344
6.43,0.266528108
6.44,0.266345344
6.45,0.266163055
6.46,0.26598122
6.47,0.265799856
6.48,0.265618954
6.49,0.265438517
6.5,0.265258542
6.51,0.265079016
6.52,0.264899942
6.53,0.264721332
6.54,0.264543162
6.55,0.264365443
6.56,0.264188186
6.57,0.264011356
6.58,0.26383499
6.59,0.263659051
6.6,0.263483554
6.61,0.263308498
6.62,0.263133888
6.63,0.262959704
6.64,0.26278596
6.65,0.26261264
6.66,0.26243976
6.67,0.262267294
6.68,0.262095267
6.69,0.261923661
6.7,0.261752477
6.71,0.261581721
6.72,0.261411378
6.73,0.261241459
6.74,0.261071954
6.75,0.260902866
6.76,0.26073419
6.77,0.26056593
6.78,0.260398074
6.79,0.260230625
6.8,0.260063586
6.81,0.259896949
6.82,0.25973073
6.83,0.259564904
6.84,0.259399466
6.85,0.259234449
6.86,0.25906982
6.87,0.258905578
6.88,0.258741743
6.89,0.258578299
6.9,0.258415242
6.91,0.258252581
6.92,0.258090299
6.93,0.257928415
6.94,0.257766905
6.95,0.257605795
6.96,0.257445053
6.97,0.257284693
6.98,0.257124724
6.99,0.256965125
7.0,0.256814933
7.01,0.256683876
7.02,0.256553347
7.03,0.256423333
7.04,0.256293808
7.05,0.256164805
7.06,0.256036306
7.07,0.255908307
7.08,0.255780804
7.09,0.255653812
7.1,0.255527307
7.11,0.255401295
7.12,0.255275779
7.13,0.255150761
7.14,0.255026215
7.15,0.254902171
7.16,0.254778604
7.17,0.254648864
7.18,0.254490175
7.19,0.254331975
7.2,0.254174267
7.21,0.254017035
7.22,0.253860305
7.23,0.253704051
7.24,0.253548259
7.25,0.25339297
7.26,0.25323815
7.27,0.253083784
7.28,0.25292992
7.29,0.252776522
7.3,0.252623563
7.31,0.252471107
7.32,0.252319107
7.33,0.252167557
7.34,0.252016483
7.35,0.251865878
7.36,0.25171571
7.37,0.251566004
7.38,0.251416757
7.39,0.251267972
7.4,0.251119621
7.41,0.250971723
7.42,0.250824282
7.43,0.250677272
7.44,0.250530712
7.45,0.250384604
7.46,0.250238921
7.47,0.250093692
7.48,0.249948887
7.49,0.249804518
7.5,0.249660594
7.51,0.249512828
7.52,0.249365511
7.53,0.249218642
7.54,0.249072239
7.55,0.248926267
7.56,0.248780736
7.57,0.248635647
7.58,0.248491009
7.59,0.248346801
7.6,0.248203041
7.61,0.248059713
7.62,0.247916797
7.63,0.247774336
7.64,0.247632314
7.65,0.24749069
7.66,0.247349517
7.67,0.24720877
7.68,0.247068427
7.69,0.246928524
7.7,0.24678904
7.71,0.246649975
7.72,0.24651131
7.73,0.246373079
7.74,0.246235265
7.75,0.246097841
7.76,0.245960855
7.77,0.245824268
7.78,0.245688075
7.79,0.245552308
7.8,0.245416941
7.81,0.245281975
7.82,0.245147405
7.83,0.245013241
7.84,0.244879474
7.85,0.244746101
7.86,0.244613138
7.87,0.244480557
7.88,0.244348372
7.89,0.244216578
7.9,0.244085172
7.91,0.243954148
7.92,0.243823526
7.93,0.243693284
7.94,0.243563421
7.95,0.243433942
7.96,0.243304854
7.97,0.243176123
7.98,0.243047788
7.99,0.242919834
8.0,0.242792245
8.01,0.242665033
8.02,0.242538186
8.03,0.242411728
8.04,0.242285622
8.05,0.242159892
8.06,0.242034539
8.07,0.241909534
8.08,0.241784905
8.09,0.241660637
8.1,0.241536722
8.11,0.241413181
8.12,0.241289991
8.13,0.241167158
8.14,0.241044681
8.15,0.24092258
8.16,0.240800812
8.17,0.240679398
8.18,0.240558346
8.19,0.240437627
8.2,0.240317266
8.21,0.240197259
8.22,0.240077589
8.23,0.239958265
8.24,0.239839289
8.25,0.239720657
8.26,0.239602357
8.27,0.239484403
8.28,0.239366791
8.29,0.239249506
8.3,0.239132574
8.31,0.239015972
8.32,0.238899702
8.33,0.238783754
8.34,0.238668154
8.35,0.238552878
8.36,0.238437928
8.37,0.23832331
8.38,0.238209023
8.39,0.238095051
8.4,0.23798142
8.41,0.237868101
8.42,0.237755101
8.43,0.23764243
8.44,0.23753008
8.45,0.237418043
8.46,0.237306327
8.47,0.237194935
8.48,0.237083849
8.49,0.236973076
8.5,0.236862623
8.51,0.236752481
8.52,0.236642637
8.53,0.236533126
8.54,0.236423912
8.55,0.236315005
8.56,0.236206407
8.57,0.23609812
8.58,0.235990131
8.59,0.235882443
8.6,0.235775068
8.61,0.235655761
8.62,0.235542852
8.63,0.235430221
8.64,0.23531789
8.65,0.235205838
8.66,0.235094068
8.67,0.234982587
8.68,0.234871385
8.69,0.234760466
8.7,0.234649821
8.71,0.234539464
8.72,0.234429386
8.73,0.234319587
8.74,0.234210056
8.75,0.234100808
8.76,0.233991839
8.77,0.233883122
8.78,0.233774707
8.79,0.233666548
8.8,0.233558664
8.81,0.233451041
8.82,0.233343703
8.83,0.233236622
8.84,0.233129808
8.85,0.233023267
8.86,0.23291699
8.87,0.232810962
8.88,0.232705215
8.89,0.232599728
8.9,0.232494493
8.91,0.232389523
8.92,0.232284827
8.93,0.232180377
8.94,0.232076171
8.95,0.23197224
8.96,0.231868567
8.97,0.231765138
8.98,0.231661979
8.99,0.231559062
9.0,0.231456396
9.01,0.231353979
9.02,0.23125182
9.03,0.231149908
9.04,0.231048243
9.05,0.230946843
9.06,0.230845677
9.07,0.23074476
9.08,0.230644079
9.09,0.23054366
9.1,0.230443466
9.11,0.230343532
9.12,0.230243837
9.13,0.230144366
9.14,0.230045158
9.15,0.229946188
9.16,0.229847439
9.17,0.229748945
9.18,0.229650682
9.19,0.229552649
9.2,0.229454869
9.21,0.229357318
9.22,0.229259989
9.23,0.229162906
9.24,0.229066059
9.25,0.228969443
9.26,0.228873037
9.27,0.228776886
9.28,0.228680952
9.29,0.228585247
9.3,0.228489773
9.31,0.228394531
9.32,0.228299506
9.33,0.22820471
9.34,0.228110145
9.35,0.228015797
9.36,0.227921674
9.37,0.227827778
9.38,0.227734094
9.39,0.227640641
9.4,0.22754741
9.41,0.227454389
9.42,0.227361588
9.43,0.22726902
9.44,0.227176649
9.45,0.227084504
9.46,0.226992579
9.47,0.226900868
9.48,0.226809361
9.49,0.226718084
9.5,0.226627013
9.51,0.226536145
9.52,0.226445511
9.53,0.22635507
9.54,0.226264842
9.55,0.226174832
9.56,0.22608502
9.57,0.225995432
9.58,0.225906036
9.59,0.225816862
9.6,0.225727886
9.61,0.225639114
9.62,0.225550548
9.63,0.22546219
9.64,0.225374019
9.65,0.22528607
9.66,0.225198324
9.67,0.225110766
9.68,0.225023416
9.69,0.224936274
9.7,0.224849321
9.71,0.224762567
9.72,0.224676013
9.73,0.224589673
9.74,0.224503503
9.75,0.224417549
9.76,0.224331789
9.77,0.224246215
9.78,0.224160844
9.79,0.224075662
9.8,0.223990673
9.81,0.223905876
9.82,0.223821281
9.83,0.223736867
9.84,0.22365265
9.85,0.223568622
9.86,0.223484774
9.87,0.223401137
9.88,0.223317672
9.89,0.223234395
9.9,0.223151308
9.91,0.223068412
9.92,0.222985708
9.93,0.22290317
9.94,0.222820822
9.95,0.222738676
9.96,0.222656692
9.97,0.2225749
9.98,0.222493295
9.99,0.222411864
10.0,0.222330622
10.01,0.222299457
10.02,0.222265501
10.03,0.222231623
10.04,0.22219784
10.05,0.222164144
10.06,0.222130506
10.07,0.222096967
10.08,0.2220635
10.09,0.222030116
10.1,0.221996824
10.11,0.221963593
10.12,0.221930451
10.13,0.221897395
10.14,0.221864406
10.15,0.221831499
10.16,0.221798671
10.17,0.221765925
10.18,0.221733256
10.19,0.22170066
10.2,0.221668143
10.21,0.221635713
10.22,0.221603339
10.23,0.221571067
10.24,0.221538857
10.25,0.221506718
10.26,0.221474662
10.27,0.221442691
10.28,0.221410779
10.29,0.221378946
10.3,0.221347197
10.31,0.221315521
10.32,0.221283908
10.33,0.221252383
10.34,0.221220926
10.35,0.221189537
10.36,0.221158226
10.37,0.221126991
10.38,0.22109583
10.39,0.221064741
10.4,0.221033713
10.41,0.221002772
10.42,0.220971892
10.43,0.2209411
10.44,0.220910353
10.45,0.220879692
10.46,0.220849117
10.47,0.220818588
10.48,0.220788134
10.49,0.220757762
10.5,0.220727462
10.51,0.22069721
10.52,0.220667052
10.53,0.220636954
10.54,0.22060692
10.55,0.220576956
10.56,0.220547066
10.57,0.22051723
10.58,0.220487489
10.59,0.220457804
10.6,0.220428175
10.61,0.220398628
10.62,0.220369146
10.63,0.220339716
10.64,0.220310371
10.65,0.220281087
10.66,0.220251876
10.67,0.220222722
10.68,0.220193636
10.69,0.220164622
10.7,0.220135661
10.71,0.22010677
10.72,0.220077958
10.73,0.220049187
10.74,0.220020497
10.75,0.219991878
10.76,0.219963301
10.77,0.219934809
10.78,0.219906368
10.79,0.219877989
10.8,0.21984969
10.81,0.219821442
10.82,0.219793265
10.83,0.219765141
10.84,0.219737093
10.85,0.219709091
10.86,0.219681162
10.87,0.219653289
10.88,0.21962549
10.89,0.219597735
10.9,0.219570053
10.91,0.219542433
10.92,0.21951487
10.93,0.219487362
10.94,0.219459927
10.95,0.219432545
10.96,0.219405227
10.97,0.219377977
10.98,0.219350775
10.99,0.219323637
11.0,0.21929655
11.01,0.219269538
11.02,0.219242577
11.03,0.219215669
11.04,0.219188833
11.05,0.21916204
11.06,0.219135318
11.07,0.219108654
11.08,0.219082035
11.09,0.21905549
11.1,0.219029
11.11,0.219002567
11.12,0.21897619
11.13,0.218949864
11.14,0.218923605
11.15,0.218897401
11.16,0.218871242
11.17,0.218845156
11.18,0.218819108
11.19,0.218793137
11.2,0.218767211
11.21,0.21874134
11.22,0.218715534
11.23,0.218689778
11.24,0.218664057
11.25,0.218638422
11.26,0.218612834
11.27,0.218587292
11.28,0.218561803
11.29,0.21853638
11.3,0.218511011
11.31,0.218485685
11.32,0.218460422
11.33,0.218435214
11.34,0.21841005
11.35,0.218384943
11.36,0.218359901
11.37,0.218334892
11.38,0.218309954
11.39,0.218285057
11.4,0.218260217
11.41,0.218235434
11.42,0.218210705
11.43,0.218186022
11.44,0.218161387
11.45,0.218136805
11.46,0.21811228
11.47,0.218062899
11.48,0.218035237
11.49,0.218007633
11.5,0.217980087
11.51,0.217952602
11.52,0.217925169
11.53,0.217897783
11.54,0.217870468
11.55,0.217843207
11.56,0.217815995
11.57,0.217788841
11.58,0.217761736
11.59,0.217734689
11.6,0.217707703
11.61,0.217680768
11.62,0.217653893
11.63,0.217627053
11.64,0.217600287
11.65,0.217573578
11.66,0.217546905
11.67,0.217520303
11.68,0.217493746
11.69,0.217467229
11.7,0.217440793
11.71,0.217414406
11.72,0.217388052
11.73,0.217361755
11.74,0.217335532
11.75,0.217309348
11.76,0.217283209
11.77,0.217257134
11.78,0.217231106
11.79,0.217205125
11.8,0.217179211
11.81,0.217153337
11.82,0.217127516
11.83,0.217101753
11.84,0.217076034
11.85,0.217050364
11.86,0.217024758
11.87,0.216999189
11.88,0.216973678
11.89,0.21694822
11.9,0.21692281
11.91,0.216897442
11.92,0.216872134
11.93,0.216846876
11.94,0.216821667
11.95,0.2167965
11.96,0.21677139
11.97,0.216746339
11.98,0.216721318
11.99,0.216696359
12.0,0.216671448
12.01,0.216646583
12.02,0.21662177
12.03,0.216596999
12.04,0.216572289
12.05,0.216547615
12.06,0.216522999
12.07,0.216498427
12.08,0.216473898
12.09,0.216449418
12.1,0.216424996
12.11,0.21640061
12.12,0.216376278
12.13,0.216351999
12.14,0.216327758
12.15,0.216303569
12.16,0.216279425
12.17,0.216255322
12.18,0.216231273
12.19,0.216207275
12.2,0.216183322
12.21,0.216159409
12.22,0.216135545
12.23,0.216111726
12.24,0.216087948
12.25,0.216064234
12.26,0.216040559
12.27,0.216016919
12.28,0.215993337
12.29,0.215969786
12.3,0.215946288
12.31,0.215922845
12.32,0.215899435
12.33,0.215876069
12.34,0.215852758
12.35,0.21582949
12.36,0.21580627
12.37,0.215783074
12.38,0.215759942
12.39,0.215736848
12.4,0.215713798
12.41,0.215690794
12.42,0.215667835
12.43,0.215644915
12.44,0.215622051
12.45,0.215599216
12.46,0.215576424
12.47,0.215553688
12.48,0.215530986
12.49,0.215508332
12.5,0.215485714
12.51,0.21546315
12.52,0.215440632
12.53,0.215418142
12.54,0.215395704
12.55,0.215373302
12.56,0.215350938
12.57,0.215328636
12.58,0.215306357
12.59,0.215284134
12.6,0.215261941
12.61,0.215239801
12.62,0.215217689
12.63,0.215195636
12.64,0.215173614
12.65,0.215151625
12.66,0.215129698
12.67,0.2151078
12.68,0.215085944
12.69,0.215064124
12.7,0.215042354
12.71,0.215020631
12.72,0.214998934
12.73,0.214977281
12.74,0.21495568
12.75,0.214934099
12.76,0.214912569
12.77,0.21489109
12.78,0.214869629
12.79,0.21484822
12.8,0.214826856
12.81,0.214805517
12.82,0.214784228
12.83,0.214762984
12.84,0.214741775
12.85,0.2147206
12.86,0.214699469
12.87,0.21467838
12.88,0.214657329
12.89,0.214636304
12.9,0.214615341
12.91,0.214594389
12.92,0.214573496
12.93,0.214552637
12.94,0.214531818
12.95,0.214511037
12.96,0.214490296
12.97,0.214469599
12.98,0.214448925
12.99,0.214428295
13.0,0.214407704
13.01,0.214387151
13.02,0.214366637
13.03,0.214346156
13.04,0.21432571
13.05,0.214305311
13.06,0.214284951
13.07,0.214264619
13.08,0.21424433
13.09,0.214224075
13.1,0.21420385
13.11,0.214183673
13.12,0.214163541
13.13,0.214143431
13.14,0.214123352
13.15,0.214103331
13.16,0.21408333
13.17,0.214063364
13.18,0.214043452
13.19,0.21402356
13.2,0.214003703
13.21,0.21398389
13.22,0.213964118
13.23,0.213944371
13.24,0.213924665
13.25,0.213904991
13.26,0.213885351
13.27,0.213865753
13.28,0.213846189
13.29,0.213826665
13.3,0.213807166
13.31,0.213787707
13.32,0.213768289
13.33,0.213748897
13.34,0.213729545
13.35,0.213710224
13.36,0.213690938
13.37,0.213671692
13.38,0.213652475
13.39,0.213633292
13.4,0.213614142
13.41,0.213595041
13.42,0.213575952
13.43,0.213556915
13.44,0.213537911
13.45,0.213518934
13.46,0.21349999
13.47,0.213481079
13.48,0.213462208
13.49,0.213443367
13.5,0.213424558
13.51,0.213405788
13.52,0.21338705
13.53,0.213368342
13.54,0.213349675
13.55,0.213331028
13.56,0.213312422
13.57,0.213293857
13.58,0.213275312
13.59,0.213256806
13.6,0.213238332
13.61,0.213219885
13.62,0.213201481
13.63,0.213183104
13.64,0.21316476
13.65,0.213146445
13.66,0.213128169
13.67,0.213109923
13.68,0.213091707
13.69,0.21307353
13.7,0.213055372
13.71,0.213037254
13.72,0.213019165
13.73,0.213001117
13.74,0.212983087
13.75,0.212965097
13.76,0.212947142
13.77,0.212929219
13.78,0.212911316
13.79,0.212893451
13.8,0.212875614
13.81,0.212857817
13.82,0.212840036
13.83,0.212822305
13.84,0.212804584
13.85,0.21278691
13.86,0.212769265
13.87,0.21275165
13.88,0.212734061
13.89,0.21271651
13.9,0.212698988
13.91,0.212681486
13.92,0.21266403
13.93,0.212646591
13.94,0.212629182
13.95,0.212611809
13.96,0.212594473
13.97,0.212577156
13.98,0.212559879
13.99,0.212542617
14.0,0.212525403
14.01,0.212508206
14.02,0.212491037
14.03,0.212473906
14.04,0.212456801
14.05,0.212439735
14.06,0.212422685
14.07,0.212405672
14.08,0.212388676
14.09,0.212371727
14.1,0.212354796
14.11,0.2123379
14.12,0.212321032
14.13,0.21230419
14.14,0.212287376
14.15,0.212270588
14.16,0.212253836
14.17,0.21223711
14.18,0.212220412
14.19,0.212203751
14.2,0.212187113
14.21,0.212170495
14.22,0.212153912
14.23,0.212137364
14.24,0.212120833
14.25,0.212104337
14.26,0.212087868
14.27,0.212071425
14.28,0.212055006
14.29,0.212038625
14.3,0.21202227
14.31,0.21200594
14.32,0.211989635
14.33,0.211973367
14.34,0.211957115
14.35,0.211940895
14.36,0.211924704
14.37,0.211908537
14.38,0.211892407
14.39,0.211876299
14.4,0.211860207
14.41,0.211844153
14.42,0.211828129
14.43,0.211812124
14.44,0.211796152
14.45,0.211780206
14.46,0.211764287
14.47,0.21174839
14.48,0.211732519
14.49,0.211716682
14.5,0.211700879
14.51,0.211685092
14.52,0.211669329
14.53,0.211653591
14.54,0.211637876
14.55,0.211622197
14.56,0.21160655
14.57,0.211590919
14.58,0.211575323
14.59,0.21155974
14.6,0.211544191
14.61,0.211528666
14.62,0.211513167
14.63,0.2114977
14.64,0.211482257
14.65,0.211466837
14.66,0.211451433
14.67,0.211436071
14.68,0.211420726
14.69,0.211405412
14.7,0.211390121
14.71,0.211374855
14.72,0.211359601
14.73,0.211344393
14.74,0.211329196
14.75,0.211314033
14.76,0.211298893
14.77,0.211283788
14.78,0.211268693
14.79,0.211253623
14.8,0.211238577
14.81,0.211223564
14.82,0.211208574
14.83,0.211193614
14.84,0.211178671
14.85,0.211163749
14.86,0.21114886
14.87,0.211133993
14.88,0.211119148
14.89,0.211104328
14.9,0.211089538
14.91,0.211074775
14.92,0.21106001
14.93,0.211045299
14.94,0.211030603
14.95,0.211015935
14.96,0.21100128
14.97,0.21098666
14.98,0.210972052
14.99,0.210957475
15.0,0.210942918
15.01,0.210928396
15.02,0.210913885
15.03,0.210899408
15.04,0.210884941
15.05,0.210870506
15.06,0.210856092
15.07,0.210841711
15.08,0.21082735
15.09,0.210813015
15.1,0.210798689
15.11,0.210784395
15.12,0.210770121
15.13,0.210755871
15.14,0.210741652
15.15,0.210727453
15.16,0.210713275
15.17,0.21069911
15.18,0.210684976
15.19,0.210670872
15.2,0.210656781
15.21,0.210642719
15.22,0.210628682
15.23,0.210614663
15.24,0.210600655
15.25,0.210586689
15.26,0.210572734
15.27,0.210558809
15.28,0.210544908
15.29,0.210531022
15.3,0.210517151
15.31,0.21050332
15.32,0.210489501
15.33,0.2104757
15.34,0.210461932
15.35,0.210448193
15.36,0.210434455
15.37,0.210420748
15.38,0.210407059
15.39,0.210393403
15.4,0.210379767
15.41,0.210366141
15.42,0.210352555
15.43,0.210338959
15.44,0.210325415
15.45,0.210311878
15.46,0.210298374
15.47,0.210284889
15.48,0.210271424
15.49,0.210257968
15.5,0.210244543
15.51,0.210231139
15.52,0.210217762
15.53,0.210204397
15.54,0.210191062
15.55,0.210177744
15.56,0.210164438
15.57,0.210151161
15.58,0.210137913
15.59,0.210124678
15.6,0.210111469
15.61,0.210098279
15.62,0.210085101
15.63,0.210071952
15.64,0.21005882
15.65,0.21004571
15.66,0.210032628
15.67,0.210019556
15.68,0.210006503
15.69,0.209993479
15.7,0.209980471
15.71,0.209967488
15.72,0.209954531
15.73,0.209941583
15.74,0.209928663
15.75,0.209915743
15.76,0.209902861
15.77,0.20989
15.78,0.209877166
15.79,0.209864341
15.8,0.209851534
15.81,0.209838749
15.82,0.209825979
15.83,0.209813239
15.84,0.209800516
15.85,0.209787815
15.86,0.20977513
15.87,0.209762474
15.88,0.209749816
15.89,0.209737198
15.9,0.209724597
15.91,0.209712004
15.92,0.209699439
15.93,0.209686894
15.94,0.209674365
15.95,0.209661855
15.96,0.209649364
15.97,0.209636901
15.98,0.209624456
15.99,0.20961203
16.0,0.209599619
16.01,0.209587218
16.02,0.209574846
16.03,0.209562498
16.04,0.209550162
16.05,0.20953785
16.06,0.209525558
16.07,0.209513263
16.08,0.209501006
16.09,0.209488777
16.1,0.209476556
16.11,0.209464353
16.12,0.209452165
16.13,0.209439996
16.14,0.209427854
16.15,0.209415729
16.16,0.209403624
16.17,0.209391535
16.18,0.209379462
16.19,0.209367417
16.2,0.20935537
16.21,0.209343361
16.22,0.209331356
16.23,0.20931938
16.24,0.209307422
16.25,0.209295479
16.26,0.209283545
16.27,0.209271648
16.28,0.209259757
16.29,0.209247884
16.3,0.209236037
16.31,0.209224208
16.32,0.209212383
16.33,0.209200587
16.34,0.209188796
16.35,0.209177043
16.36,0.209165299
16.37,0.209153578
16.38,0.209141866
16.39,0.209130171
16.4,0.209118491
16.41,0.209106837
16.42,0.209095201
16.43,0.20908358
16.44,0.209071988
16.45,0.20906039
16.46,0.209048818
16.47,0.209037275
16.48,0.209025745
16.49,0.209014223
16.5,0.209002727
16.51,0.208991247
16.52,0.208979775
16.53,0.208968337
16.54,0.208956905
16.55,0.208945491
16.56,0.208934103
16.57,0.208922719
16.58,0.208911351
16.59,0.208900011
16.6,0.208888685
16.61,0.208877374
16.62,0.208866082
16.63,0.208854804
16.64,0.208843554
16.65,0.208832294
16.66,0.208821074
16.67,0.20880986
16.68,0.20879867
16.69,0.208787497
16.7,0.208776339
16.71,0.208765186
16.72,0.208754069
16.73,0.208742958
16.74,0.208731864
16.75,0.208720792
16.76,0.208709728
16.77,0.208698678
16.78,0.208687653
16.79,0.208676643
16.8,0.208665651
16.81,0.208654672
16.82,0.208643709
16.83,0.20863276
16.84,0.208621829
16.85,0.208610908
16.86,0.208600017
16.87,0.208589129
16.88,0.208578266
16.89,0.208567418
16.9,0.208556575
16.91,0.208545758
16.92,0.208534965
16.93,0.208524176
16.94,0.208513404
16.95,0.208502655
16.96,0.208491912
16.97,0.208481183
16.98,0.208470479
16.99,0.20845978
17.0,0.208449105
17.01,0.208438444
17.02,0.208427798
17.03,0.20841717
17.04,0.208406551
17.05,0.208395951
17.06,0.208385374
17.07,0.208374809
17.08,0.20836425
17.09,0.208353717
17.1,0.208343186
17.11,0.208332683
17.12,0.208322192
17.13,0.208311715
17.14,0.208301254
17.15,0.208290815
17.16,0.20828037
17.17,0.208269961
17.18,0.208259555
17.19,0.208249173
17.2,0.208238805
17.21,0.208228453
17.22,0.208218104
17.23,0.208207779
17.24,0.208197467
17.25,0.20818717
17.26,0.208176886
17.27,0.208166627
17.28,0.20815637
17.29,0.208146129
17.3,0.208135912
17.31,0.208125698
17.32,0.208115507
17.33,0.208105328
17.34,0.208095168
17.35,0.208085008
17.36,0.208074871
17.37,0.20806476
17.38,0.20805465
17.39,0.208044565
17.4,0.208034484
17.41,0.208024426
17.42,0.208014363
17.43,0.208004332
17.44,0.207994312
17.45,0.207984308
17.46,0.207974318
17.47,0.207964341
17.48,0.207954368
17.49,0.207944416
17.5,0.207934488
17.51,0.207924564
17.52,0.207914664
17.53,0.207904765
17.54,0.20789488
17.55,0.207885019
17.56,0.207875169
17.57,0.207865334
17.58,0.207855503
17.59,0.207845702
17.6,0.207835906
17.61,0.207826113
17.62,0.207816342
17.63,0.207806597
17.64,0.207796851
17.65,0.207787128
17.66,0.20777742
17.67,0.207767703
17.68,0.207758021
17.69,0.207748349
17.7,0.207738692
17.71,0.207729048
17.72,0.207719414
17.73,0.207709794
17.74,0.20770018
17.75,0.207690593
17.76,0.20768101
17.77,0.207671453
17.78,0.207661896
17.79,0.207652361
17.8,0.20764283
17.81,0.20763332
17.82,0.207623812
17.83,0.207614327
17.84,0.207604856
17.85,0.207595398
17.86,0.20758595
17.87,0.207576513
17.88,0.20756709
17.89,0.20755769
17.9,0.207548292
17.91,0.207538905
17.92,0.207529543
17.93,0.207520179
17.94,0.207510842
17.95,0.207501503
17.96,0.207492198
17.97,0.207482883
17.98,0.207473603
17.99,0.207464314
18.0,0.207455045
18.01,0.207445791
18.02,0.207436547
18.03,0.207427327
18.04,0.207418106
18.05,0.20740891
18.06,0.207399703
18.07,0.207390529
18.08,0.207381367
18.09,0.207372214
18.1,0.207363077
18.11,0.207353949
18.12,0.207344825
18.13,0.207335722
18.14,0.207326629
18.15,0.20731755
18.16,0.20730848
18.17,0.207299432
18.18,0.207290388
18.19,0.207281354
18.2,0.207272341
18.21,0.207263329
18.22,0.207254341
18.23,0.207245361
18.24,0.207236396
18.25,0.20722742
18.26,0.207218477
18.27,0.207209543
18.28,0.207200633
18.29,0.207191721
18.3,0.207182822
18.31,0.207173936
18.32,0.207165061
18.33,0.207156193
18.34,0.207147352
18.35,0.207138518
18.36,0.207129686
18.37,0.207120876
18.38,0.207112068
18.39,0.207103268
18.4,0.207094501
18.41,0.207085725
18.42,0.207076981
18.43,0.207068237
18.44,0.207059494
18.45,0.207050771
18.46,0.207042059
18.47,0.207033359
18.48,0.207024679
18.49,0.207016002
18.5,0.207007343
18.51,0.206998686
18.52,0.20699004
18.53,0.206981414
18.54,0.206972801
18.55,0.206964197
18.56,0.206955601
18.57,0.20694701
18.58,0.206938437
18.59,0.206929877
18.6,0.206921326
18.61,0.206912786
18.62,0.206904254
18.63,0.206895737
18.64,0.206887228
18.65,0.20687874
18.66,0.206870252
18.67,0.206861786
18.68,0.20685332
18.69,0.206844873
18.7,0.206836428
18.71,0.206828001
18.72,0.206819587
18.73,0.206811181
18.74,0.206802786
18.75,0.206794404
18.76,0.206786019
18.77,0.206777656
18.78,0.206769301
18.79,0.206760968
18.8,0.206752636
18.81,0.206744313
18.82,0.206736009
18.83,0.206727697
18.84,0.206719414
18.85,0.206711142
18.86,0.206702871
18.87,0.206694617
18.88,0.206686375
18.89,0.206678132
18.9,0.206669909
18.91,0.206661688
18.92,0.206653495
18.93,0.206645301
18.94,0.20663712
18.95,0.206628947
18.96,0.206620774
18.97,0.20661263
18.98,0.206604488
18.99,0.206596354
19.0,0.206588241
19.01,0.206580125
19.02,0.20657202
19.03,0.206563936
19.04,0.206555862
19.05,0.206547787
19.06,0.206539732
19.07,0.206531685
19.08,0.206523638
19.09,0.206515612
19.1,0.206507594
19.11,0.206499586
19.12,0.206491589
19.13,0.206483599
19.14,0.206475631
19.15,0.206467652
19.16,0.206459692
19.17,0.206451751
19.18,0.206443809
19.19,0.206435877
19.2,0.206427963
19.21,0.206420051
19.22,0.206412145
19.23,0.206404262
19.24,0.206396387
19.25,0.206388521
19.26,0.206380654
19.27,0.206372805
19.28,0.206364957
19.29,0.206357128
19.3,0.206349307
19.31,0.206341498
19.32,0.206333704
19.33,0.206325912
19.34,0.206318119
19.35,0.206310355
19.36,0.206302588
19.37,0.206294831
19.38,0.206287094
19.39,0.206279357
19.4,0.206271626
19.41,0.206263907
19.42,0.206256205
19.43,0.206248513
19.44,0.206240829
19.45,0.206233143
19.46,0.206225477
19.47,0.20621781
19.48,0.206210162
19.49,0.206202522
19.5,0.206194893
19.51,0.206187271
19.52,0.206179667
19.53,0.206172054
19.54,0.206164457
19.55,0.206156869
19.56,0.206149302
19.57,0.206141733
19.58,0.206134171
19.59,0.206126629
19.6,0.206119076
19.61,0.206111548
19.62,0.206104032
19.63,0.206096514
19.64,0.206089015
19.65,0.206081523
19.66,0.206074031
19.67,0.206066547
19.68,0.206059083
19.69,0.206051625
19.7,0.206044176
19.71,0.206036735
19.72,0.206029305
19.73,0.206021871
19.74,0.206014464
19.75,0.206007057
19.76,0.205999659
19.77,0.205992268
19.78,0.205984897
19.79,0.205977512
19.8,0.205970158
19.81,0.2059628
19.82,0.205955462
19.83,0.205948119
19.84,0.205940798
19.85,0.205933471
19.86,0.205926156
19.87,0.205918856
19.88,0.205911567
19.89,0.205904286
19.9,0.205897
19.91,0.205889735
19.92,0.205882475
19.93,0.205875226
19.94,0.205867985
19.95,0.20586075
19.96,0.205853524
19.97,0.205846307
19.98,0.205839085
19.99,0.205831893
20.0,0.205824698
20.01,0.205817513
20.02,0.205810344
20.03,0.205803172
20.04,0.20579601
20.05,0.205788853
20.06,0.205781717
20.07,0.205774576
20.08,0.205767455
20.09,0.205760331
20.1,0.205753223
20.11,0.205746115
20.12,0.205739023
20.13,0.205731939
20.14,0.205724865
20.15,0.205717796
20.16,0.205710725
20.17,0.205703673
20.18,0.205696627
20.19,0.205689589
20.2,0.205682559
20.21,0.205675536
20.22,0.205668531
20.23,0.205661523
20.24,0.205654513
20.25,0.205647519
20.26,0.205640544
20.27,0.205633565
20.28,0.205626595
20.29,0.205619643
20.3,0.205612685
20.31,0.205605738
20.32,0.205598808
20.33,0.205591883
20.34,0.205584957
20.35,0.205578047
20.36,0.205571145
20.37,0.205564229
20.38,0.205557342
20.39,0.205550464
20.4,0.205543591
20.41,0.205536725
20.42,0.205529864
20.43,0.205523003
20.44,0.205516159
20.45,0.205509323
20.46,0.205502502
20.47,0.20549568
20.48,0.205488862
20.49,0.205482046
20.5,0.205475253
20.51,0.205468458
20.52,0.20546167
20.53,0.205454899
20.54,0.205448125
20.55,0.205441369
20.56,0.205434599
20.57,0.205427855
20.58,0.20542111
20.59,0.205414382
20.6,0.205407649
20.61,0.205400933
20.62,0.205394216
20.63,0.205387514
20.64,0.205380819
20.65,0.205374132
20.66,0.205367451
20.67,0.205360774
20.68,0.205354098
20.69,0.205347428
20.7,0.205340783
20.71,0.205334135
20.72,0.205327494
20.73,0.20532086
20.74,0.205314234
20.75,0.205307601
20.76,0.205300988
20.77,0.205294391
20.78,0.205287789
20.79,0.205281196
20.8,0.205274618
20.81,0.205268036
20.82,0.205261462
20.83,0.205254894
20.84,0.205248343
20.85,0.205241786
20.86,0.205235248
20.87,0.205228715
20.88,0.205222171
20.89,0.205215652
20.9,0.205209129
20.91,0.205202622
20.92,0.205196121
20.93,0.205189628
20.94,0.205183132
20.95,0.20517665
20.96,0.205170175
20.97,0.205163707
20.98,0.205157245
20.99,0.205150779
21.0,0.205144328
21.01,0.205137887
21.02,0.205131448
21.03,0.205125019
21.04,0.205118595
21.05,0.205112174
21.06,0.205105773
21.07,0.205099357
21.08,0.205092967
21.09,0.205086575
21.1,0.205080186
21.11,0.205073805
21.12,0.205067438
21.13,0.20506107
21.14,0.205054705
21.15,0.205048349
21.16,0.205042007
21.17,0.205035672
21.18,0.205029333
21.19,0.205023008
21.2,0.205016682
21.21,0.20501036
21.22,0.205004054
21.23,0.204997755
21.24,0.204991462
21.25,0.204985175
21.26,0.204978882
21.27,0.204972598
21.28,0.204966338
21.29,0.204960063
21.3,0.204953813
21.31,0.204947551
21.32,0.204941314
21.33,0.204935065
21.34,0.204928829
21.35,0.204922598
21.36,0.204916375
21.37,0.204910156
21.38,0.204903955
21.39,0.204897738
21.4,0.204891547
21.41,0.204885353
21.42,0.204879162
21.43,0.204872977
21.44,0.204866808
21.45,0.204860635
21.46,0.204854469
21.47,0.204848319
21.48,0.204842161
21.49,0.204836021
21.5,0.204829876
21.51,0.204823747
21.52,0.204817612
21.53,0.204811482
21.54,0.20480537
21.55,0.204799262
21.56,0.204793151
21.57,0.204787053
21.58,0.204780954
21.59,0.204774868
21.6,0.204768787
21.61,0.204762711
21.62,0.204756643
21.63,0.204750578
21.64,0.204744519
21.65,0.204738456
21.66,0.204732405
21.67,0.204726363
21.68,0.204720325
21.69,0.204714292
21.7,0.204708265
21.71,0.204702242
21.72,0.204696225
21.73,0.204690214
21.74,0.204684208
21.75,0.204678218
21.76,0.204672221
21.77,0.20466624
21.78,0.204660245
21.79,0.204654263
21.8,0.204648299
21.81,0.204642328
21.82,0.204636373
21.83,0.204630412
21.84,0.204624457
21.85,0.204618518
21.86,0.204612573
21.87,0.204606641
21.88,0.204600717
21.89,0.204594787
21.9,0.204588872
21.91,0.204582951
21.92,0.204577036
21.93,0.204571136
21.94,0.20456524
21.95,0.204559351
21.96,0.204553465
21.97,0.204547574
21.98,0.204541698
21.99,0.204535827
22.0,0.204529961
22.01,0.204524099
22.02,0.204518243
22.03,0.204512382
22.04,0.204506537
22.05,0.204500692
22.06,0.204494856
22.07,0.204489024
22.08,0.204483196
22.09,0.204477382
22.1,0.204471554
22.11,0.204465742
22.12,0.204459932
22.13,0.204454138
22.14,0.204448339
22.15,0.204442543
22.16,0.204436753
22.17,0.204430967
22.18,0.204425197
22.19,0.204419419
22.2,0.204413647
22.21,0.20440789
22.22,0.204402139
22.23,0.20439637
22.24,0.204390626
22.25,0.204384888
22.26,0.204379142
22.27,0.204373412
22.28,0.204367676
22.29,0.204361946
22.3,0.204356228
22.31,0.204350516
22.32,0.204344809
22.33,0.204339094
22.34,0.204333395
22.35,0.204327691
22.36,0.204322001
22.37,0.204316315
22.38,0.204310633
22.39,0.204304955
22.4,0.204299273
22.41,0.204293604
22.42,0.20428794
22.43,0.204282269
22.44,0.204276623
22.45,0.204270972
22.46,0.204265325
22.47,0.204259682
22.48,0.204254033
22.49,0.204248399
22.5,0.204242768
22.51,0.204237151
22.52,0.204231529
22.53,0.204225911
22.54,0.204220299
22.55,0.204214687
22.56,0.204209083
22.57,0.204203491
22.58,0.204197894
22.59,0.204192302
22.6,0.204186722
22.61,0.204181127
22.62,0.204175556
22.63,0.204169979
22.64,0.204164416
22.65,0.204158848
22.66,0.204153291
22.67,0.20414773
22.68,0.204142174
22.69,0.20413663
22.7,0.204131083
22.71,0.204125546
22.72,0.204120015
22.73,0.204114478
22.74,0.204108944
22.75,0.204103424
22.76,0.204097908
22.77,0.204092387
22.78,0.20408688
22.79,0.204081376
22.8,0.204075866
22.81,0.204070368
22.82,0.204064875
22.83,0.204059387
22.84,0.204053892
22.85,0.204048411
22.86,0.204042933
22.87,0.204037448
22.88,0.204031988
22.89,0.204026522
22.9,0.20402105
22.91,0.204015601
22.92,0.204010146
22.93,0.204004683
22.94,0.204016641
22.95,0.204011895
22.96,0.204007162
22.97,0.204002425
22.98,0.203997693
22.99,0.203992966
23.0,0.20398824
23.01,0.203983522
23.02,0.203978807
23.03,0.203974096
23.04,0.203969402
23.05,0.2039647
23.06,0.203960004
23.07,0.203955313
23.08,0.203950625
23.09,0.203945953
23.1,0.203941273
23.11,0.203936609
23.12,0.203931939
23.13,0.203927276
23.14,0.203922615
23.15,0.203917967
23.16,0.203913316
23.17,0.203908679
23.18,0.203904045
23.19,0.203899408
23.2,0.203894771
23.21,0.203890153
23.22,0.203885538
23.23,0.203880918
23.24,0.20387631
23.25,0.203871698
23.26,0.203867101
23.27,0.203862497
23.28,0.203857908
23.29,0.203853324
23.3,0.203848744
23.31,0.203844168
23.32,0.203839586
23.33,0.203835018
23.34,0.203830456
23.35,0.203825897
23.36,0.203821333
23.37,0.203816784
23.38,0.203812237
23.39,0.203807697
23.4,0.203803158
23.41,0.203798626
23.42,0.203794098
23.43,0.203789573
23.44,0.203785043
23.45,0.203780526
23.46,0.203776017
23.47,0.203771509
23.48,0.203767007
23.49,0.203762516
23.5,0.203758023
23.51,0.203753532
23.52,0.203749046
23.53,0.203744564
23.54,0.203740086
23.55,0.203735614
23.56,0.203731154
23.57,0.20372668
23.58,0.203722228
23.59,0.203717771
23.6,0.203713329
23.61,0.20370888
23.62,0.203704436
23.63,0.203700006
23.64,0.203695562
23.65,0.203691139
23.66,0.203686711
23.67,0.203682298
23.68,0.203677877
23.69,0.203673472
23.7,0.203669062
23.71,0.203664654
23.72,0.203660262
23.73,0.203655865
23.74,0.20365148
23.75,0.203647088
23.76,0.203642711
23.77,0.203638329
23.78,0.20363396
23.79,0.203629586
23.8,0.203625227
23.81,0.20362087
23.82,0.203616517
23.83,0.20361216
23.84,0.203607807
23.85,0.203603465
23.86,0.203599129
23.87,0.203594798
23.88,0.20359047
23.89,0.203586136
23.9,0.203581816
23.91,0.2035775
23.92,0.203573189
23.93,0.203568871
23.94,0.203564566
23.95,0.203560267
23.96,0.203555969
23.97,0.203551678
23.98,0.20354739
23.99,0.203543105
24.0,0.203538824
24.01,0.203534548
24.02,0.203530266
24.03,0.203525997
24.04,0.203521735
24.05,0.203517474
24.06,0.203513226
24.07,0.203508973
24.08,0.203504725
24.09,0.20350047
24.1,0.203496229
24.11,0.203492003
24.12,0.203487768
24.13,0.20348354
24.14,0.203479314
24.15,0.203475094
24.16,0.203470875
24.17,0.203466671
24.18,0.203462461
24.19,0.203458255
24.2,0.203454052
24.21,0.203449853
24.22,0.203445669
24.23,0.203441478
24.24,0.203437292
24.25,0.203433119
24.26,0.203428939
24.27,0.203424773
24.28,0.203420591
24.29,0.203416433
24.3,0.203412268
24.31,0.203408119
24.32,0.203403962
24.33,0.20339982
24.34,0.20339567
24.35,0.203391525
24.36,0.203387393
24.37,0.203383256
24.38,0.203379131
24.39,0.203375011
24.4,0.203370885
24.41,0.203366772
24.42,0.203362652
24.43,0.203358547
24.44,0.203354436
24.45,0.203350337
24.46,0.203346243
24.47,0.203342142
24.48,0.203338056
24.49,0.203333961
24.5,0.203329883
24.51,0.203325808
24.52,0.203321736
24.53,0.203317656
24.54,0.203313592
24.55,0.203309531
24.56,0.203305474
24.57,0.203301421
24.58,0.20329737
24.59,0.203293314
24.6,0.203289271
24.61,0.203285222
24.62,0.203281186
24.63,0.203277164
24.64,0.203273125
24.65,0.203269101
24.66,0.203265081
24.67,0.203261063
24.68,0.203257049
24.69,0.203253038
24.7,0.203249033
24.71,0.203245029
24.72,0.203241031
24.73,0.203237024
24.74,0.203233041
24.75,0.203229052
24.76,0.203225068
24.77,0.203221085
24.78,0.203217107
24.79,0.203213132
24.8,0.203209162
24.81,0.203205194
24.82,0.203201231
24.83,0.20319727
24.84,0.203193325
24.85,0.203189371
24.86,0.203185422
24.87,0.203181475
24.88,0.203177532
24.89,0.203173602
24.9,0.203169666
24.91,0.203165735
24.92,0.203161807
24.93,0.20315788
24.94,0.203153968
24.95,0.203150051
24.96,0.203146136
24.97,0.203142234
24.98,0.203138325
24.99,0.203134423
