0.01,0.299153958
0.02,0.350207604
0.03,0.361133779
0.04,0.363669216
0.05,0.363547214
0.06,0.362428192
0.07,0.360919995
0.08,0.3592768
0.09,0.357613223
0.1,0.356901916
0.11,0.356870667
0.12,0.356839435
0.13,0.356808221
0.14,0.356777025
0.15,0.356745847
0.16,0.356714687
0.17,0.356683546
0.18,0.356652423
0.19,0.356621319
0.2,0.356590233
0.21,0.356559167
0.22,0.35652812
0.23,0.356497092
0.24,0.356466083
0.25,0.356435094
0.26,0.356533511
0.27,0.356631965
0.28,0.356730421
0.29,0.356828898
0.3,0.356927412
0.31,0.357025929
0.32,0.357124483
0.33,0.357223041
0.34,0.35732162
0.35,0.357420237
0.36,0.357518857
0.37,0.357617498
0.38,0.357716178
0.39,0.357814862
0.4,0.357913584
0.41,0.35801231
0.42,0.358111058
0.43,0.358209845
0.44,0.358308653
0.45,0.358407466
0.46,0.358506301
0.47,0.358605175
0.48,0.358704054
0.49,0.358802956
0.5,0.358901896
0.51,0.359000843
0.52,0.359099828
0.53,0.359198819
0.54,0.359297833
0.55,0.359396886
0.56,0.359495945
0.57,0.359595027
0.58,0.359694149
0.59,0.359793294
0.6,0.359892445
0.61,0.360225762
0.62,0.360550706
0.63,0.360875673
0.64,0.361200663
0.65,0.361525661
0.66,0.361850698
0.67,0.362175759
0.68,0.362500844
0.69,0.362825952
0.7,0.363151085
0.71,0.363476241
0.72,0.36380142
0.73,0.364126624
0.74,0.364451852
0.75,0.364777104
0.76,0.36510238
0.77,0.365427664
0.78,0.365752988
0.79,0.366078337
0.8,0.36640371
0.81,0.366729107
0.82,0.367054529
0.83,0.367379975
0.84,0.367705446
0.85,0.368030941
0.86,0.368356444
0.87,0.368682006
0.88,0.369007558
0.89,0.369333152
0.9,0.369658771
0.91,0.372172451
0.92,0.37971349
0.93,0.392959518
0.94,0.408140016
0.95,0.423320514
0.96,0.438501012
0.97,0.45368151
0.98,0.468862008
0.99,0.484042506
1.0,0.499223004
1.01,0.514403502
1.02,0.529584001
1.03,0.544764499
1.04,0.559944997
1.05,0.575125495
1.06,0.574395506
1.07,0.573675136
1.08,0.572964154
1.09,0.572262297
1.1,0.571569362
1.11,0.570885055
1.12,0.570209191
1.13,0.569541495
1.14,0.568938348
1.15,0.568391208
1.16,0.567357146
1.17,0.566340306
1.18,0.565356889
1.19,0.564201995
1.2,0.562548913
1.21,0.560930777
1.22,0.559346596
1.23,0.557795492
1.24,0.556276731
1.25,0.554789675
1.26,0.553333765
1.27,0.55190849
1.28,0.550513402
1.29,0.549148049
1.3,0.547812093
1.31,0.546505165
1.32,0.54522693
1.33,0.543977094
1.34,0.542755376
1.35,0.541561516
1.36,0.540395255
1.37,0.539256352
1.38,0.538144614
1.39,0.537059816
1.4,0.536001755
1.41,0.534970247
1.42,0.533965137
1.43,0.53298625
1.44,0.532033416
1.45,0.531106496
1.46,0.530205357
1.47,0.52932984
1.48,0.528479855
1.49,0.527655269
1.5,0.526855973
1.51,0.526081815
1.52,0.525332775
1.53,0.524608691
1.54,0.523909527
1.55,0.523235158
1.56,0.522585528
1.57,0.52196056
1.58,0.52097571
1.59,0.519292108
1.6,0.51762178
1.61,0.515964362
1.62,0.514319543
1.63,0.512686979
1.64,0.511066373
1.65,0.509457408
1.66,0.507859845
1.67,0.506273372
1.68,0.504697776
1.69,0.503132739
1.7,0.501578093
1.71,0.500033568
1.72,0.498498954
1.73,0.496974028
1.74,0.495458596
1.75,0.493952456
1.76,0.492455409
1.77,0.490967308
1.78,0.489487948
1.79,0.488017144
1.8,0.486554746
1.81,0.485100615
1.82,0.483654569
1.83,0.482216479
1.84,0.480786158
1.85,0.479363538
1.86,0.477948443
1.87,0.476540755
1.88,0.475140313
1.89,0.473747048
1.9,0.472360805
1.91,0.470981483
1.92,0.469608953
1.93,0.46824313
1.94,0.466883911
1.95,0.465531176
1.96,0.464184827
1.97,0.462844779
1.98,0.461510941
1.99,0.460183201
2.0,0.458861482
2.01,0.45766977
2.02,0.456479129
2.03,0.455295951
2.04,0.454120133
2.05,0.452951561
2.06,0.451790177
2.07,0.450635901
2.08,0.44948863
2.09,0.448348256
2.1,0.44721475
2.11,0.446088009
2.12,0.444967943
2.13,0.443854475
2.14,0.44274756
2.15,0.441647109
2.16,0.44055304
2.17,0.439465281
2.18,0.438383801
2.19,0.437308497
2.2,0.436239303
2.21,0.435176167
2.22,0.434119025
2.23,0.433067807
2.24,0.43202247
2.25,0.430982911
2.26,0.429949123
2.27,0.428921028
2.28,0.427898557
2.29,0.426881641
2.3,0.425870266
2.31,0.424864338
2.32,0.42386383
2.33,0.422868661
2.34,0.421878794
2.35,0.42089418
2.36,0.419914764
2.37,0.418940463
2.38,0.41797128
2.39,0.417007141
2.4,0.416047983
2.41,0.415093769
2.42,0.414144449
2.43,0.413199973
2.44,0.412260301
2.45,0.411325365
2.46,0.410395133
2.47,0.409469566
2.48,0.408548597
2.49,0.407632171
2.5,0.406720283
2.51,0.405812862
2.52,0.404909855
2.53,0.404011227
2.54,0.403116927
2.55,0.402226928
2.56,0.401341167
2.57,0.400459589
2.58,0.399582177
2.59,0.398708877
2.6,0.397839636
2.61,0.396974416
2.62,0.396113183
2.63,0.395255879
2.64,0.394402458
2.65,0.393552883
2.66,0.392707125
2.67,0.391865127
2.68,0.391026847
2.69,0.390192233
2.7,0.389361252
2.71,0.388533865
2.72,0.387710028
2.73,0.386889693
2.74,0.386072814
2.75,0.385259362
2.76,0.384449271
2.77,0.383642533
2.78,0.382839078
2.79,0.382038872
2.8,0.381241872
2.81,0.380448029
2.82,0.379657312
2.83,0.37886968
2.84,0.378085084
2.85,0.377303476
2.86,0.376524833
2.87,0.375749091
2.88,0.374976211
2.89,0.374206158
2.9,0.373438895
2.91,0.372674378
2.92,0.371912558
2.93,0.371153382
2.94,0.370396829
2.95,0.369642841
2.96,0.368891393
2.97,0.368142421
2.98,0.367395901
2.99,0.366651772
3.0,0.365910012
3.01,0.36526083
3.02,0.364660947
3.03,0.364062839
3.04,0.363466495
3.05,0.362871939
3.06,0.362279137
3.07,0.361688115
3.08,0.361098861
3.09,0.360511377
3.1,0.359925663
3.11,0.359341722
3.12,0.358759542
3.13,0.358179136
3.14,0.357600486
3.15,0.357023608
3.16,0.356448499
3.17,0.355875146
3.18,0.355303548
3.19,0.354733722
3.2,0.354165646
3.21,0.353599327
3.22,0.353034756
3.23,0.352471945
3.24,0.351910886
3.25,0.351351574
3.26,0.350794001
3.27,0.350238179
3.28,0.349684087
3.29,0.349131753
3.3,0.348581133
3.31,0.348032261
3.32,0.347485121
3.33,0.346939696
3.34,0.346396002
3.35,0.345854031
3.36,0.345313782
3.37,0.344775242
3.38,0.344238423
3.39,0.343703308
3.4,0.343169898
3.41,0.342638189
3.42,0.342108178
3.43,0.341579862
3.44,0.341053244
3.45,0.340528309
3.46,0.340005059
3.47,0.33948349
3.48,0.338963592
3.49,0.338445373
3.5,0.337928822
3.51,0.33741392
3.52,0.336900693
3.53,0.336389115
3.54,0.33587918
3.55,0.335370914
3.56,0.334864275
3.57,0.334359263
3.58,0.333855902
3.59,0.333354153
3.6,0.332854022
3.61,0.332355532
3.62,0.331858638
3.63,0.331363372
3.64,0.330869692
3.65,0.330377607
3.66,0.32988713
3.67,0.329398227
3.68,0.328910916
3.69,0.328425187
3.7,0.327941014
3.71,0.327458423
3.72,0.326977384
3.73,0.326497903
3.74,0.326019988
3.75,0.325543602
3.76,0.325068752
3.77,0.324595449
3.78,0.324123665
3.79,0.323653416
3.8,0.323184678
3.81,0.322717443
3.82,0.322251723
3.83,0.321787501
3.84,0.321324763
3.85,0.320863522
3.86,0.320403769
3.87,0.319945487
3.88,0.31948866
3.89,0.319033306
3.9,0.31857942
3.91,0.318126973
3.92,0.317675975
3.93,0.317226424
3.94,0.316778294
3.95,0.316331605
3.96,0.31588632
3.97,0.315442449
3.98,0.315000002
3.99,0.31455894
4.0,0.314119283
4.01,0.313692622
4.02,0.313267311
4.03,0.312843344
4.04,0.312420697
4.05,0.311999383
4.06,0.311579396
4.07,0.311160706
4.08,0.31074334
4.09,0.310327258
4.1,0.309912472
4.11,0.309498975
4.12,0.30908676
4.13,0.308675824
4.14,0.308266151
4.15,0.30785774
4.16,0.307450582
4.17,0.307044682
4.18,0.306640004
4.19,0.306236587
4.2,0.305834383
4.21,0.305433397
4.22,0.305033635
4.23,0.304635076
4.24,0.304237727
4.25,0.303841571
4.26,0.303446593
4.27,0.303052813
4.28,0.302660189
4.29,0.302268742
4.3,0.301878466
4.31,0.301489324
4.32,0.301101352
4.33,0.300714511
4.34,0.300328798
4.35,0.299944223
4.36,0.299560759
4.37,0.299178404
4.38,0.298797167
4.39,0.298417024
4.4,0.298037977
4.41,0.297660012
4.42,0.297283118
4.43,0.296907313
4.44,0.296532557
4.45,0.296158854
4.46,0.29578622
4.47,0.295414616
4.48,0.295044055
4.49,0.294674524
4.5,0.294306
4.51,0.293938511
4.52,0.293572018
4.53,0.293206525
4.54,0.292842038
4.55,0.292478526
4.56,0.292116003
4.57,0.291754434
4.58,0.291393842
4.59,0.291034209
4.6,0.29067553
4.61,0.290317777
4.62,0.289960982
4.63,0.289605109
4.64,0.289250164
4.65,0.288896125
4.66,0.288542988
4.67,0.288190767
4.68,0.287839433
4.69,0.287488972
4.7,0.287139414
4.71,0.286790702
4.72,0.286442883
4.73,0.286095896
4.74,0.285749767
4.75,0.285404497
4.76,0.285060038
4.77,0.284716416
4.78,0.284373624
4.79,0.284031633
4.8,0.283690456
4.81,0.283350078
4.82,0.283010479
4.83,0.282671688
4.84,0.282333661
4.85,0.281996395
4.86,0.281659912
4.87,0.281324174
4.88,0.280989188
4.89,0.280654931
4.9,0.280321419
4.91,0.279988639
4.92,0.279656565
4.93,0.279325197
4.94,0.278994557
4.95,0.278664598
4.96,0.27833534
4.97,0.278006758
4.98,0.277678844
4.99,0.277351612
5.0,0.277025027
5.01,0.276747873
5.02,0.276435731
5.03,0.276124466
5.04,0.27581409
5.05,0.275504559
5.06,0.275195881
5.07,0.274888061
5.08,0.274581072
5.09,0.274274906
5.1,0.273969553
5.11,0.273665014
5.12,0.273361273
5.13,0.273058318
5.14,0.272756153
5.15,0.272454755
5.16,0.272154119
5.17,0.271854246
5.18,0.271555104
5.19,0.271256698
5.2,0.270959027
5.21,0.270662073
5.22,0.270365819
5.23,0.270070284
5.24,0.269775422
5.25,0.269481258
5.26,0.269187751
5.27,0.268894921
5.28,0.268602756
5.29,0.268311218
5.3,0.268020331
5.31,0.267730075
5.32,0.267440432
5.33,0.267151402
5.34,0.266862978
5.35,0.266575152
5.36,0.266287915
5.37,0.266001256
5.38,0.265715151
5.39,0.265429628
5.4,0.265144641
5.41,0.264860209
5.42,0.264576307
5.43,0.264292923
5.44,0.264010072
5.45,0.263727725
5.46,0.263445871
5.47,0.263164523
5.48,0.262883645
5.49,0.262603247
5.5,0.262323318
5.51,0.262043844
5.52,0.261764826
5.53,0.261486245
5.54,0.261208093
5.55,0.26093038
5.56,0.260653071
5.57,0.260376174
5.58,0.260099676
5.59,0.259823572
5.6,0.259547851
5.61,0.2592725
5.62,0.258997513
5.63,0.2587229
5.64,0.258448616
5.65,0.258174699
5.66,0.257901095
5.67,0.257627812
5.68,0.257354866
5.69,0.257082218
5.7,0.256809866
5.71,0.256537817
5.72,0.256266051
5.73,0.255994557
5.74,0.255723334
5.75,0.255452366
5.76,0.255181663
5.77,0.25491119
5.78,0.254640954
5.79,0.254370955
5.8,0.254101165
5.81,0.253831598
5.82,0.253562223
5.83,0.253293054
5.84,0.253024064
5.85,0.252755261
5.86,0.252486614
5.87,0.25221816
5.88,0.251949831
5.89,0.251681672
5.9,0.251413643
5.91,0.251145739
5.92,0.250877968
5.93,0.250610316
5.94,0.250342774
5.95,0.250075324
5.96,0.249807959
5.97,0.249540691
5.98,0.2492735
5.99,0.24900637
6.0,0.248739316
6.01,0.248490706
6.02,0.248263419
6.03,0.248036634
6.04,0.247810355
6.05,0.247584583
6.06,0.247359306
6.07,0.247134528
6.08,0.246910254
6.09,0.246686467
6.1,0.246463178
6.11,0.246240383
6.12,0.246018071
6.13,0.245796249
6.14,0.245574908
6.15,0.245354052
6.16,0.245133683
6.17,0.244913775
6.18,0.24469436
6.19,0.244475415
6.2,0.244256937
6.21,0.244038946
6.22,0.243821408
6.23,0.243604344
6.24,0.243387749
6.25,0.243171614
6.26,0.242955934
6.27,0.242740721
6.28,0.242525962
6.29,0.242311664
6.3,0.242097815
6.31,0.241884415
6.32,0.241671473
6.33,0.241458973
6.34,0.241246928
6.35,0.241035315
6.36,0.24082415
6.37,0.240610254
6.38,0.240394034
6.39,0.240178299
6.4,0.239963047
6.41,0.239748276
6.42,0.239533995
6.43,0.239320182
6.44,0.239106845
6.45,0.238893984
6.46,0.238681585
6.47,0.238469668
6.48,0.238258211
6.49,0.238047222
6.5,0.2378367
6.51,0.237626633
6.52,0.237417021
6.53,0.237207879
6.54,0.23699918
6.55,0.236790938
6.56,0.236583154
6.57,0.236375807
6.58,0.236168924
6.59,0.235962473
6.6,0.235756464
6.61,0.235550904
6.62,0.235345784
6.63,0.2351411
6.64,0.234936852
6.65,0.234733038
6.66,0.234529665
6.67,0.234326703
6.68,0.234124182
6.69,0.233922089
6.7,0.233720412
6.71,0.233519171
6.72,0.233318343
6.73,0.233117938
6.74,0.232917954
6.75,0.232718379
6.76,0.232519222
6.77,0.232320484
6.78,0.232122149
6.79,0.231924219
6.8,0.231726701
6.81,0.231529585
6.82,0.231332889
6.83,0.231136581
6.84,0.23094067
6.85,0.230745175
6.86,0.230550066
6.87,0.230355348
6.88,0.230161034
6.89,0.229967109
6.9,0.229773574
6.91,0.229580427
6.92,0.229387667
6.93,0.229195302
6.94,0.22900331
6.95,0.228811713
6.96,0.228620486
6.97,0.22842964
6.98,0.228239183
6.99,0.228049093
7.0,0.227868392
7.01,0.227706776
7.02,0.227545685
7.03,0.227385105
7.04,0.227225015
7.05,0.227065443
7.06,0.226906376
7.07,0.226747804
7.08,0.226589722
7.09,0.226432152
7.1,0.226275069
7.11,0.226118473
7.12,0.225962372
7.13,0.225806763
7.14,0.225651625
7.15,0.225496986
7.16,0.225342823
7.17,0.225189127
7.18,0.225035925
7.19,0.224883193
7.2,0.224730932
7.21,0.224579139
7.22,0.224427832
7.23,0.224276981
7.24,0.224126582
7.25,0.223976665
7.26,0.223827207
7.27,0.223678187
7.28,0.223529652
7.29,0.223381562
7.3,0.223233905
7.31,0.223086728
7.32,0.222939991
7.33,0.222793692
7.34,0.222647849
7.35,0.22250246
7.36,0.222357494
7.37,0.222212968
7.38,0.222068893
7.39,0.221925256
7.4,0.221782044
7.41,0.221639268
7.42,0.221496923
7.43,0.221355
7.44,0.221213508
7.45,0.221072454
7.46,0.220931806
7.47,0.220791596
7.48,0.220651795
7.49,0.220512409
7.5,0.220373453
7.51,0.220234906
7.52,0.220096768
7.53,0.219959045
7.54,0.219821747
7.55,0.219684841
7.56,0.219548337
7.57,0.219412242
7.58,0.219276557
7.59,0.219141269
7.6,0.219006387
7.61,0.218871901
7.62,0.218737794
7.63,0.218604102
7.64,0.218470808
7.65,0.218337883
7.66,0.218205365
7.67,0.218073243
7.68,0.217941485
7.69,0.217810131
7.7,0.217679157
7.71,0.217548565
7.72,0.217418342
7.73,0.217288514
7.74,0.217159065
7.75,0.217029968
7.76,0.216901277
7.77,0.216772947
7.78,0.216644978
7.79,0.216517397
7.8,0.216390177
7.81,0.216263321
7.82,0.216136833
7.83,0.216010707
7.84,0.215884945
7.85,0.215759545
7.86,0.215634516
7.87,0.215509835
7.88,0.215385512
7.89,0.215261546
7.9,0.215137935
7.91,0.215014668
7.92,0.214891764
7.93,0.214769211
7.94,0.214646999
7.95,0.214525136
7.96,0.214403632
7.97,0.214282444
7.98,0.21416162
7.99,0.214041143
8.0,0.213920996
8.01,0.213801193
8.02,0.21368172
8.03,0.213562598
8.04,0.213443793
8.05,0.213325337
8.06,0.213207215
8.07,0.21308941
8.08,0.212971946
8.09,0.212854808
8.1,0.212737989
8.11,0.212621511
8.12,0.212505352
8.13,0.212389512
8.14,0.212273999
8.15,0.212158821
8.16,0.212043948
8.17,0.211929388
8.18,0.211815161
8.19,0.211701237
8.2,0.211587633
8.21,0.211474347
8.22,0.211361369
8.23,0.2112487
8.24,0.211136346
8.25,0.211024307
8.26,0.210912563
8.27,0.210801131
8.28,0.210690011
8.29,0.210579183
8.3,0.210468673
8.31,0.210358463
8.32,0.21024855
8.33,0.210138923
8.34,0.210029614
8.35,0.209920599
8.36,0.209811877
8.37,0.209703448
8.38,0.209595322
8.39,0.209487474
8.4,0.209379938
8.41,0.209272679
8.42,0.209165708
8.43,0.209059036
8.44,0.208952648
8.45,0.208846544
8.46,0.208740726
8.47,0.2086352
8.48,0.208529956
8.49,0.208424983
8.5,0.2083203
8.51,0.208215896
8.52,0.208111761
8.53,0.208007923
8.54,0.207904351
8.55,0.207801055
8.56,0.207698032
8.57,0.207595295
8.58,0.207492819
8.59,0.207390615
8.6,0.207288691
8.61,0.207187028
8.62,0.207085644
8.63,0.206984519
8.64,0.20688367
8.65,0.20678308
8.66,0.206682752
8.67,0.2065827
8.68,0.206482902
8.69,0.206383368
8.7,0.206284094
8.71,0.206185083
8.72,0.206086332
8.73,0.20598784
8.74,0.205889597
8.75,0.205791621
8.76,0.205693902
8.77,0.20559642
8.78,0.205499214
8.79,0.205402252
8.8,0.205305543
8.81,0.205209076
8.82,0.205112874
8.83,0.205016911
8.84,0.204921198
8.85,0.204825735
8.86,0.204730522
8.87,0.204635536
8.88,0.204540818
8.89,0.204446335
8.9,0.204352089
8.91,0.204258087
8.92,0.20416434
8.93,0.204070825
8.94,0.203977533
8.95,0.203884503
8.96,0.203791703
8.97,0.203699134
8.98,0.203606815
8.99,0.203514723
9.0,0.203422861
9.01,0.203331235
9.02,0.203239845
9.03,0.203148683
9.04,0.203057753
9.05,0.202967069
9.06,0.202876597
9.07,0.202786359
9.08,0.202696342
9.09,0.202606568
9.1,0.202517003
9.11,0.202427678
9.12,0.202338572
9.13,0.202249675
9.14,0.202161025
9.15,0.202072593
9.16,0.201984367
9.17,0.201896376
9.18,0.2018086
9.19,0.201721039
9.2,0.201633711
9.21,0.201546596
9.22,0.201459683
9.23,0.201373001
9.24,0.20128654
9.25,0.201200289
9.26,0.201114237
9.27,0.201028415
9.28,0.2009428
9.29,0.200857393
9.3,0.200772202
9.31,0.200687228
9.32,0.20060245
9.33,0.200517885
9.34,0.200433535
9.35,0.200349388
9.36,0.200265444
9.37,0.200181712
9.38,0.200098182
9.39,0.200014863
9.4,0.199931745
9.41,0.199848825
9.42,0.199766105
9.43,0.199683603
9.44,0.199601288
9.45,0.199519171
9.46,0.199437271
9.47,0.199355556
9.48,0.199274037
9.49,0.199192732
9.5,0.199111611
9.51,0.199030684
9.52,0.19894997
9.53,0.198869437
9.54,0.198789098
9.55,0.198708959
9.56,0.198629009
9.57,0.19854926
9.58,0.19846969
9.59,0.19839033
9.6,0.198311146
9.61,0.198232151
9.62,0.198153352
9.63,0.19807474
9.64,0.197996304
9.65,0.197918073
9.66,0.197840026
9.67,0.197762154
9.68,0.197684475
9.69,0.197606989
9.7,0.197529676
9.71,0.197452544
9.72,0.197375603
9.73,0.197298854
9.74,0.197222265
9.75,0.197145875
9.76,0.197069663
9.77,0.196993621
9.78,0.196917767
9.79,0.19684209
9.8,0.196766591
9.81,0.196691267
9.82,0.196616129
9.83,0.196541157
9.84,0.19646637
9.85,0.196391756
9.86,0.196317307
9.87,0.196243051
9.88,0.196168957
9.89,0.196095035
9.9,0.196021286
9.91,0.195947718
9.92,0.195874319
9.93,0.195801082
9.94,0.195728013
9.95,0.195655135
9.96,0.195582403
9.97,0.195509851
9.98,0.195437466
9.99,0.195365248
10.0,0.195293197
10.01,0.195271092
10.02,0.195246191
10.03,0.195221348
10.04,0.195196592
10.05,0.195171905
10.06,0.195147263
10.07,0.195122708
10.08,0.195098212
10.09,0.195073781
10.1,0.195049425
10.11,0.195025126
10.12,0.195000894
10.13,0.194976737
10.14,0.194952636
10.15,0.1949286
10.16,0.194904628
10.17,0.194880733
10.18,0.194856891
10.19,0.194833114
10.2,0.194809402
10.21,0.194785764
10.22,0.194762169
10.23,0.194738659
10.24,0.194715202
10.25,0.194691798
10.26,0.194668467
10.27,0.19464521
10.28,0.194621996
10.29,0.194598844
10.3,0.194575764
10.31,0.194552747
10.32,0.194529782
10.33,0.194506889
10.34,0.194484047
10.35,0.194461268
10.36,0.194438549
10.37,0.194415891
10.38,0.194393295
10.39,0.19437076
10.4,0.194348275
10.41,0.194325861
10.42,0.194303496
10.43,0.194281203
10.44,0.19425895
10.45,0.194236765
10.46,0.194214651
10.47,0.194192576
10.48,0.19417056
10.49,0.194148614
10.5,0.194126726
10.51,0.194104877
10.52,0.194083107
10.53,0.194061385
10.54,0.194039711
10.55,0.194018096
10.56,0.193996548
10.57,0.193975039
10.58,0.193953608
10.59,0.193932222
10.6,0.193910885
10.61,0.193889614
10.62,0.193868392
10.63,0.193847215
10.64,0.193826105
10.65,0.193805052
10.66,0.193784056
10.67,0.193763105
10.68,0.19374221
10.69,0.193721371
10.7,0.193700578
10.71,0.19367984
10.72,0.193659168
10.73,0.193638532
10.74,0.19361796
10.75,0.193597443
10.76,0.19357696
10.77,0.193556553
10.78,0.19353618
10.79,0.193515862
10.8,0.193495607
10.81,0.193475397
10.82,0.193455241
10.83,0.193435127
10.84,0.193415079
10.85,0.193395064
10.86,0.193375112
10.87,0.193355202
10.88,0.193335357
10.89,0.193315543
10.9,0.193295792
10.91,0.193276085
10.92,0.193256429
10.93,0.193236817
10.94,0.193217266
10.95,0.193197757
10.96,0.193178301
10.97,0.193158895
10.98,0.193139532
10.99,0.193120221
11.0,0.19310095
11.01,0.193081741
11.02,0.193062572
11.03,0.193043445
11.04,0.193024379
11.05,0.193005343
11.06,0.192986368
11.07,0.192967444
11.08,0.192948548
11.09,0.192929715
11.1,0.192910931
11.11,0.192892186
11.12,0.192873491
11.13,0.192854836
11.14,0.192836231
11.15,0.192817675
11.16,0.192799158
11.17,0.192780691
11.18,0.192762261
11.19,0.192743891
11.2,0.192725561
11.21,0.192707268
11.22,0.192689035
11.23,0.192670838
11.24,0.192652671
11.25,0.192634573
11.26,0.192616511
11.27,0.192598488
11.28,0.192580502
11.29,0.192562574
11.3,0.192544694
11.31,0.192526841
11.32,0.192509045
11.33,0.192491286
11.34,0.192473565
11.35,0.19245589
11.36,0.192438273
11.37,0.192420672
11.38,0.192403137
11.39,0.192385629
11.4,0.192368167
11.41,0.192350751
11.42,0.192333383
11.43,0.192316049
11.44,0.192298751
11.45,0.1922815
11.46,0.192264294
11.47,0.192247124
11.48,0.192229998
11.49,0.192212909
11.5,0.192195864
11.51,0.192178864
11.52,0.1921619
11.53,0.19214497
11.54,0.192128095
11.55,0.192111255
11.56,0.192094449
11.57,0.192077688
11.58,0.192060961
11.59,0.192044278
11.6,0.19202764
11.61,0.192011035
11.62,0.191994475
11.63,0.191977938
11.64,0.191961455
11.65,0.191945015
11.66,0.191928599
11.67,0.191912237
11.68,0.191895906
11.69,0.1918796
11.7,0.191863358
11.71,0.191847147
11.72,0.19183096
11.73,0.191814815
11.74,0.191798724
11.75,0.191782664
11.76,0.191766628
11.77,0.191750643
11.78,0.19173469
11.79,0.19171877
11.8,0.191702903
11.81,0.191687056
11.82,0.191671253
11.83,0.191655489
11.84,0.191639759
11.85,0.191624059
11.86,0.191608413
11.87,0.191592786
11.88,0.191577201
11.89,0.191561657
11.9,0.191546144
11.91,0.191530662
11.92,0.191515222
11.93,0.191499821
11.94,0.191484452
11.95,0.191469114
11.96,0.191453815
11.97,0.191438559
11.98,0.191423321
11.99,0.191408134
12.0,0.191392976
12.01,0.19137785
12.02,0.191362763
12.03,0.191347706
12.04,0.191332689
12.05,0.191317701
12.06,0.191302754
12.07,0.191287835
12.08,0.191272947
12.09,0.191258097
12.1,0.191243287
12.11,0.191228496
12.12,0.191213754
12.13,0.191199042
12.14,0.191184357
12.15,0.191169712
12.16,0.191155096
12.17,0.191140508
12.18,0.191125958
12.19,0.191111448
12.2,0.191096966
12.21,0.191082512
12.22,0.191068096
12.23,0.191053708
12.24,0.191039349
12.25,0.191025038
12.26,0.191010754
12.27,0.190996489
12.28,0.19098227
12.29,0.19096807
12.3,0.190953906
12.31,0.190939782
12.32,0.190925684
12.33,0.190911613
12.34,0.19089758
12.35,0.190883583
12.36,0.190869615
12.37,0.190855662
12.38,0.190841757
12.39,0.190827879
12.4,0.190814028
12.41,0.190800213
12.42,0.190786425
12.43,0.190772663
12.44,0.190758948
12.45,0.19074525
12.46,0.190731577
12.47,0.190717951
12.48,0.190704341
12.49,0.190690767
12.5,0.190677219
12.51,0.190663707
12.52,0.19065023
12.53,0.19063677
12.54,0.190623345
12.55,0.190609946
12.56,0.190596572
12.57,0.190583244
12.58,0.190569932
12.59,0.190556655
12.6,0.190543403
12.61,0.190530186
12.62,0.190516985
12.63,0.190503828
12.64,0.190490695
12.65,0.190477579
12.66,0.190464508
12.67,0.19045146
12.68,0.190438438
12.69,0.19042544
12.7,0.190412476
12.71,0.190399548
12.72,0.190386633
12.73,0.190373753
12.74,0.190360907
12.75,0.190348074
12.76,0.190335278
12.77,0.190322514
12.78,0.190309765
12.79,0.190297049
12.8,0.190284367
12.81,0.190271699
12.82,0.190259065
12.83,0.190246465
12.84,0.190233888
12.85,0.190221334
12.86,0.190208814
12.87,0.190196318
12.88,0.190183844
12.89,0.190171394
12.9,0.190158988
12.91,0.190146583
12.92,0.190134222
12.93,0.190121885
12.94,0.190109571
12.95,0.190097288
12.96,0.190085029
12.97,0.190072803
12.98,0.190060589
12.99,0.190048408
13.0,0.19003625
13.01,0.190024124
13.02,0.19001202
13.03,0.189999939
13.04,0.18998788
13.05,0.189975853
13.06,0.189963859
13.07,0.189951876
13.08,0.189939925
13.09,0.189927997
13.1,0.18991609
13.11,0.189904216
13.12,0.189892374
13.13,0.189880542
13.14,0.189868733
13.15,0.189856965
13.16,0.189845209
13.17,0.189833474
13.18,0.189821781
13.19,0.189810099
13.2,0.189798438
13.21,0.189786809
13.22,0.189775211
13.23,0.189763624
13.24,0.189752068
13.25,0.189740533
13.26,0.189729019
13.27,0.189717537
13.28,0.189706075
13.29,0.189694643
13.3,0.189683223
13.31,0.189671833
13.32,0.189660474
13.33,0.189649125
13.34,0.189637806
13.35,0.189626509
13.36,0.189615232
13.37,0.189603985
13.38,0.189592759
13.39,0.189581552
13.4,0.189570367
13.41,0.18955922
13.42,0.189548075
13.43,0.189536968
13.44,0.189525883
13.45,0.189514816
13.46,0.18950377
13.47,0.189492744
13.48,0.189481748
13.49,0.189470771
13.5,0.189459813
13.51,0.189448886
13.52,0.189437978
13.53,0.189427089
13.54,0.18941623
13.55,0.18940538
13.56,0.18939456
13.57,0.189383769
13.58,0.189372987
13.59,0.189362234
13.6,0.189351501
13.61,0.189340787
13.62,0.1893301
13.63,0.189319434
13.64,0.189308787
13.65,0.189298158
13.66,0.189287558
13.67,0.189276977
13.68,0.189266414
13.69,0.189255881
13.7,0.189245356
13.71,0.189234859
13.72,0.189224381
13.73,0.189213932
13.74,0.189203491
13.75,0.189193078
13.76,0.189182693
13.77,0.189172327
13.78,0.189161969
13.79,0.18915164
13.8,0.189141328
13.81,0.189131045
13.82,0.189120769
13.83,0.189110532
13.84,0.189100292
13.85,0.18909009
13.86,0.189079907
13.87,0.189069741
13.88,0.189059593
13.89,0.189049472
13.9,0.189039369
13.91,0.189029275
13.92,0.189019216
13.93,0.189009167
13.94,0.188999134
13.95,0.188989129
13.96,0.18897915
13.97,0.18896918
13.98,0.188959237
13.99,0.188949301
14.0,0.188939403
14.01,0.188929511
14.02,0.188919636
14.03,0.188909789
14.04,0.188899959
14.05,0.188890155
14.06,0.18888036
14.07,0.18887059
14.08,0.188860827
14.09,0.188851102
14.1,0.188841383
14.11,0.18883169
14.12,0.188822015
14.13,0.188812356
14.14,0.188802714
14.15,0.188793087
14.16,0.188783488
14.17,0.188773905
14.18,0.188764339
14.19,0.188754799
14.2,0.188745275
14.21,0.188735758
14.22,0.188726267
14.23,0.188716802
14.24,0.188707344
14.25,0.188697911
14.26,0.188688494
14.27,0.188679093
14.28,0.188669709
14.29,0.188660351
14.3,0.188651008
14.31,0.188641681
14.32,0.18863237
14.33,0.188623086
14.34,0.188613807
14.35,0.188604552
14.36,0.188595315
14.37,0.188586092
14.38,0.188576896
14.39,0.188567715
14.4,0.18855854
14.41,0.18854939
14.42,0.188540264
14.43,0.188531146
14.44,0.188522052
14.45,0.188512973
14.46,0.188503911
14.47,0.188494863
14.48,0.18848583
14.49,0.188476823
14.5,0.18846784
14.51,0.188458863
14.52,0.1884499
14.53,0.188440953
14.54,0.188432021
14.55,0.188423114
14.56,0.188414232
14.57,0.188405354
14.58,0.188396501
14.59,0.188387654
14.6,0.18837883
14.61,0.188370022
14.62,0.188361229
14.63,0.18835246
14.64,0.188343705
14.65,0.188334965
14.66,0.188326231
14.67,0.18831753
14.68,0.188308834
14.69,0.188300162
14.7,0.188291504
14.71,0.188282862
14.72,0.188274223
14.73,0.188265619
14.74,0.188257019
14.75,0.188248442
14.76,0.188239881
14.77,0.188231343
14.78,0.18822281
14.79,0.188214291
14.8,0.188205785
14.81,0.188197304
14.82,0.188188837
14.83,0.188180393
14.84,0.188171954
14.85,0.188163528
14.86,0.188155127
14.87,0.188146739
14.88,0.188138365
14.89,0.188130004
14.9,0.188121668
14.91,0.188113345
14.92,0.188105016
14.93,0.18809673
14.94,0.188088448
14.95,0.188080189
14.96,0.188071934
14.97,0.188063702
14.98,0.188055474
14.99,0.18804727
15.0,0.188039077
15.01,0.18803091
15.02,0.188022745
15.03,0.188014604
15.04,0.188006466
15.05,0.18799835
15.06,0.187990248
15.07,0.18798217
15.08,0.187974104
15.09,0.187966052
15.1,0.187958002
15.11,0.187949976
15.12,0.187941962
15.13,0.187933962
15.14,0.187925985
15.15,0.18791802
15.16,0.187910068
15.17,0.18790212
15.18,0.187894193
15.19,0.18788629
15.2,0.18787839
15.21,0.187870512
15.22,0.187862647
15.23,0.187854794
15.24,0.187846945
15.25,0.187839128
15.26,0.187831312
15.27,0.18782352
15.28,0.187815741
15.29,0.187807973
15.3,0.187800208
15.31,0.187792477
15.32,0.187784746
15.33,0.187777029
15.34,0.187769333
15.35,0.187761661
15.36,0.18775398
15.37,0.187746322
15.38,0.187738675
15.39,0.187731051
15.4,0.18772344
15.41,0.187715829
15.42,0.187708252
15.43,0.187700656
15.44,0.187693103
15.45,0.187685552
15.46,0.187678022
15.47,0.187670504
15.48,0.187662998
15.49,0.187655495
15.5,0.187648012
15.51,0.187640543
15.52,0.187633094
15.53,0.187625648
15.54,0.187618223
15.55,0.18761081
15.56,0.187603399
15.57,0.187596009
15.58,0.187588641
15.59,0.187581275
15.6,0.18757393
15.61,0.187566597
15.62,0.187559265
15.63,0.187551955
15.64,0.187544657
15.65,0.187537369
15.66,0.187530103
15.67,0.187522839
15.68,0.187515586
15.69,0.187508354
15.7,0.187501134
15.71,0.187493925
15.72,0.187486737
15.73,0.187479551
15.74,0.187472385
15.75,0.187465212
15.76,0.187458069
15.77,0.187450937
15.78,0.187443826
15.79,0.187436717
15.8,0.187429618
15.81,0.187422531
15.82,0.187415454
15.83,0.187408399
15.84,0.187401354
15.85,0.18739432
15.86,0.187387298
15.87,0.187380296
15.88,0.187373286
15.89,0.187366305
15.9,0.187359336
15.91,0.187352367
15.92,0.18734542
15.93,0.187338483
15.94,0.187331556
15.95,0.187324641
15.96,0.187317736
15.97,0.187310852
15.98,0.187303978
15.99,0.187297115
16.0,0.187290263
16.01,0.187283411
16.02,0.18727658
16.03,0.187269769
16.04,0.187262958
16.05,0.187256168
16.06,0.187249388
16.07,0.1872426
16.08,0.187235841
16.09,0.187229103
16.1,0.187222364
16.11,0.187215637
16.12,0.187208919
16.13,0.187202212
16.14,0.187195525
16.15,0.187188848
16.16,0.187182182
16.17,0.187175526
16.18,0.187168879
16.19,0.187162253
16.2,0.187155617
16.21,0.187149011
16.22,0.187142405
16.23,0.187135819
16.24,0.187129244
16.25,0.187122677
16.26,0.187116112
16.27,0.187109576
16.28,0.187103039
16.29,0.187096513
16.3,0.187090007
16.31,0.187083511
16.32,0.187077015
16.33,0.187070537
16.34,0.18706406
16.35,0.187057613
16.36,0.187051166
16.37,0.187044738
16.38,0.18703831
16.39,0.187031892
16.4,0.187025482
16.41,0.187019093
16.42,0.187012714
16.43,0.187006344
16.44,0.186999994
16.45,0.186993633
16.46,0.186987292
16.47,0.18698097
16.48,0.186974658
16.49,0.186968345
16.5,0.186962052
16.51,0.186955768
16.52,0.186949483
16.53,0.186943228
16.54,0.186936973
16.55,0.186930727
16.56,0.186924499
16.57,0.186918271
16.58,0.186912053
16.59,0.186905853
16.6,0.186899664
16.61,0.186893483
16.62,0.186887312
16.63,0.186881149
16.64,0.186875006
16.65,0.186868851
16.66,0.186862727
16.67,0.186856601
16.68,0.186850494
16.69,0.186844396
16.7,0.186838307
16.71,0.186832218
16.72,0.186826157
16.73,0.186820095
16.74,0.186814042
16.75,0.186808008
16.76,0.186801974
16.77,0.186795948
16.78,0.186789941
16.79,0.186783942
16.8,0.186777953
16.81,0.186771972
16.82,0.186766
16.83,0.186760037
16.84,0.186754083
16.85,0.186748137
16.86,0.186742211
16.87,0.186736283
16.88,0.186730373
16.89,0.186724473
16.9,0.186718571
16.91,0.186712687
16.92,0.186706823
16.93,0.186700956
16.94,0.186695098
16.95,0.186689259
16.96,0.186683419
16.97,0.186677587
16.98,0.186671773
16.99,0.186665958
17.0,0.186660162
17.01,0.186654373
17.02,0.186648594
17.03,0.186642823
17.04,0.18663706
17.05,0.186631306
17.06,0.18662557
17.07,0.186619842
17.08,0.186614112
17.09,0.186608401
17.1,0.186602688
17.11,0.186596994
17.12,0.186591307
17.13,0.18658563
17.14,0.18657996
17.15,0.186574308
17.16,0.186568644
17.17,0.186563009
17.18,0.186557372
17.19,0.186551753
17.2,0.186546141
17.21,0.186540539
17.22,0.186534935
17.23,0.186529348
17.24,0.186523769
17.25,0.186518198
17.26,0.186512636
17.27,0.186507092
17.28,0.186501545
17.29,0.186496006
17.3,0.186490485
17.31,0.186484963
17.32,0.186479458
17.33,0.186473961
17.34,0.186468472
17.35,0.18646298
17.36,0.186457507
17.37,0.186452051
17.38,0.186446593
17.39,0.186441154
17.4,0.186435712
17.41,0.186430287
17.42,0.18642485
17.43,0.186419442
17.44,0.18641404
17.45,0.186408647
17.46,0.186403261
17.47,0.186397883
17.48,0.186392502
17.49,0.186387139
17.5,0.186381794
17.51,0.186376447
17.52,0.186371117
17.53,0.186365784
17.54,0.186360459
17.55,0.186355152
17.56,0.186349851
17.57,0.186344559
17.58,0.186339264
17.59,0.186333997
17.6,0.186328727
17.61,0.186323455
17.62,0.186318199
17.63,0.186312962
17.64,0.186307721
17.65,0.186302498
17.66,0.186297283
17.67,0.186292055
17.68,0.186286854
17.69,0.18628166
17.7,0.186276474
17.71,0.186271295
17.72,0.186266123
17.73,0.186260959
17.74,0.186255792
17.75,0.186250652
17.76,0.186245509
17.77,0.186240384
17.78,0.186235255
17.79,0.186230144
17.8,0.186225031
17.81,0.186219933
17.82,0.186214834
17.83,0.186209752
17.84,0.186204676
17.85,0.186199608
17.86,0.186194546
17.87,0.186189491
17.88,0.186184444
17.89,0.186179415
17.9,0.186174382
17.91,0.186169355
17.92,0.186164346
17.93,0.186159334
17.94,0.186154339
17.95,0.18614934
17.96,0.186144369
17.97,0.186139384
17.98,0.186134427
17.99,0.186129456
18.0,0.186124502
18.01,0.186119555
18.02,0.186114616
18.03,0.186109692
18.04,0.186104766
18.05,0.186099856
18.06,0.186094933
18.07,0.186090037
18.08,0.186085147
18.09,0.186080265
18.1,0.186075389
18.11,0.18607052
18.12,0.186065647
18.13,0.186060792
18.14,0.186055943
18.15,0.1860511
18.16,0.186046264
18.17,0.186041445
18.18,0.186036623
18.19,0.186031807
18.2,0.186027008
18.21,0.186022205
18.22,0.18601742
18.23,0.186012639
18.24,0.186007867
18.25,0.18600308
18.26,0.18599832
18.27,0.185993567
18.28,0.18598883
18.29,0.185984089
18.3,0.185979356
18.31,0.185974628
18.32,0.185969907
18.33,0.185965192
18.34,0.185960494
18.35,0.185955803
18.36,0.185951107
18.37,0.185946428
18.38,0.185941745
18.39,0.185937069
18.4,0.185932419
18.41,0.185927755
18.42,0.185923118
18.43,0.185918477
18.44,0.185913832
18.45,0.185909204
18.46,0.185904582
18.47,0.185899965
18.48,0.185895366
18.49,0.185890762
18.5,0.185886175
18.51,0.185881584
18.52,0.185876999
18.53,0.185872431
18.54,0.185867868
18.55,0.185863312
18.56,0.185858762
18.57,0.185854207
18.58,0.185849669
18.59,0.185845138
18.6,0.185840612
18.61,0.185836092
18.62,0.185831579
18.63,0.185827071
18.64,0.18582257
18.65,0.185818084
18.66,0.185813595
18.67,0.185809121
18.68,0.185804644
18.69,0.185800183
18.7,0.185795717
18.71,0.185791268
18.72,0.185786824
18.73,0.185782387
18.74,0.185777955
18.75,0.185773529
18.76,0.185769099
18.77,0.185764685
18.78,0.185760277
18.79,0.185755885
18.8,0.185751489
18.81,0.185747098
18.82,0.185742724
18.83,0.185738335
18.84,0.185733972
18.85,0.185729615
18.86,0.185725254
18.87,0.185720908
18.88,0.185716568
18.89,0.185712224
18.9,0.185707896
18.91,0.185703563
18.92,0.185699257
18.93,0.185694945
18.94,0.18569064
18.95,0.18568634
18.96,0.185682036
18.97,0.185677758
18.98,0.185673475
18.99,0.185669198
19.0,0.185664937
19.01,0.185660671
19.02,0.185656411
19.03,0.185652166
19.04,0.185647927
19.05,0.185643684
19.06,0.185639456
19.07,0.185635234
19.08,0.185631007
19.09,0.185626796
19.1,0.185622591
19.11,0.185618391
19.12,0.185614196
19.13,0.185610007
19.14,0.185605834
19.15,0.185601645
19.16,0.185597473
19.17,0.185593316
19.18,0.185589154
19.19,0.185584998
19.2,0.185580857
19.21,0.185576711
19.22,0.185572571
19.23,0.185568447
19.24,0.185564328
19.25,0.185560214
19.26,0.185556095
19.27,0.185551992
19.28,0.185547884
19.29,0.185543792
19.3,0.185539705
19.31,0.185535623
19.32,0.185531557
19.33,0.185527485
19.34,0.185523409
19.35,0.185519359
19.36,0.185515303
19.37,0.185511253
19.38,0.185507219
19.39,0.185503179
19.4,0.185499144
19.41,0.185495115
19.42,0.185491101
19.43,0.185487093
19.44,0.185483089
19.45,0.18547908
19.46,0.185475087
19.47,0.185471089
19.48,0.185467106
19.49,0.185463128
19.5,0.185459156
19.51,0.185455188
19.52,0.185451236
19.53,0.185447268
19.54,0.185443316
19.55,0.185439369
19.56,0.185435437
19.57,0.1854315
19.58,0.185427568
19.59,0.185423651
19.6,0.185419719
19.61,0.185415812
19.62,0.18541191
19.63,0.185408004
19.64,0.185404112
19.65,0.185400225
19.66,0.185396333
19.67,0.185392446
19.68,0.185388574
19.69,0.185384707
19.7,0.185380845
19.71,0.185376988
19.72,0.185373136
19.73,0.185369278
19.74,0.185365446
19.75,0.185361609
19.76,0.185357776
19.77,0.185353948
19.78,0.185350135
19.79,0.185346307
19.8,0.185342504
19.81,0.185338696
19.82,0.185334902
19.83,0.185331104
19.84,0.18532732
19.85,0.185323531
19.86,0.185319746
19.87,0.185315977
19.88,0.185312212
19.89,0.185308453
19.9,0.185304687
19.91,0.185300937
19.92,0.185297191
19.93,0.185293451
19.94,0.185289714
19.95,0.185285983
19.96,0.185282256
19.97,0.185278534
19.98,0.185274807
19.99,0.185271104
20.0,0.185267396
20.01,0.185263693
20.02,0.185260004
20.03,0.18525631
20.04,0.185252621
20.05,0.185248936
20.06,0.185245266
20.07,0.185241591
20.08,0.18523793
20.09,0.185234264
20.1,0.185230612
20.11,0.185226955
20.12,0.185223312
20.13,0.185219674
20.14,0.185216041
20.15,0.185212412
20.16,0.185208778
20.17,0.185205158
20.18,0.185201543
20.19,0.185197932
20.2,0.185194326
20.21,0.185190724
20.22,0.185187137
20.23,0.185183544
20.24,0.185179946
20.25,0.185176362
20.26,0.185172793
20.27,0.185169218
20.28,0.185165647
20.29,0.185162091
20.3,0.18515853
20.31,0.185154973
20.32,0.18515143
20.33,0.185147892
20.34,0.185144348
20.35,0.185140818
20.36,0.185137293
20.37,0.185133752
20.38,0.185130236
20.39,0.185126724
20.4,0.185123216
20.41,0.185119713
20.42,0.185116214
20.43,0.185112709
20.44,0.185109219
20.45,0.185105733
20.46,0.185102261
20.47,0.185098783
20.48,0.18509531
20.49,0.185091831
20.5,0.185088377
20.51,0.185084916
20.52,0.18508146
20.53,0.185078018
20.54,0.185074571
20.55,0.185071137
20.56,0.185067688
20.57,0.185064263
20.58,0.185060832
20.59,0.185057416
20.6,0.185053994
20.61,0.185050586
20.62,0.185047172
20.63,0.185043772
20.64,0.185040376
20.65,0.185036985
20.66,0.185033598
20.67,0.185030214
20.68,0.185026825
20.69,0.18502344
20.7,0.18502008
20.71,0.185016713
20.72,0.185013351
20.73,0.185009992
20.74,0.185006638
20.75,0.185003278
20.76,0.184999932
20.77,0.184996599
20.78,0.184993261
20.79,0.184989927
20.8,0.184986608
20.81,0.184983282
20.82,0.18497996
20.83,0.184976642
20.84,0.184973338
20.85,0.184970029
20.86,0.184966733
20.87,0.184963441
20.88,0.184960134
20.89,0.18495685
20.9,0.18495356
20.91,0.184950284
20.92,0.184947012
20.93,0.184943744
20.94,0.18494047
20.95,0.184937211
20.96,0.184933955
20.97,0.184930703
20.98,0.184927454
20.99,0.1849242
21.0,0.18492096
21.01,0.184917723
21.02,0.184914491
21.03,0.184911262
21.04,0.184908037
21.05,0.184904817
21.06,0.18490161
21.07,0.184898386
21.08,0.184895187
21.09,0.184891982
21.1,0.18488878
21.11,0.184885582
21.12,0.184882399
21.13,0.184879209
21.14,0.184876022
21.15,0.18487284
21.16,0.184869671
21.17,0.184866506
21.18,0.184863335
21.19,0.184860178
21.2,0.184857015
21.21,0.184853855
21.22,0.184850709
21.23,0.184847567
21.24,0.184844428
21.25,0.184841294
21.26,0.184838153
21.27,0.184835016
21.28,0.184831902
21.29,0.184828772
21.3,0.184825666
21.31,0.184822544
21.32,0.184819445
21.33,0.184816331
21.34,0.184813229
21.35,0.184810132
21.36,0.184807038
21.37,0.184803948
21.38,0.184800871
21.39,0.184797778
21.4,0.184794709
21.41,0.184791634
21.42,0.184788562
21.43,0.184785493
21.44,0.184782439
21.45,0.184779378
21.46,0.18477632
21.47,0.184773277
21.48,0.184770226
21.49,0.18476719
21.5,0.184764147
21.51,0.184761117
21.52,0.184758081
21.53,0.184755049
21.54,0.18475203
21.55,0.184749015
21.56,0.184745994
21.57,0.184742985
21.58,0.184739971
21.59,0.18473697
21.6,0.184733973
21.61,0.184730979
21.62,0.184727988
21.63,0.184725001
21.64,0.184722018
21.65,0.184719028
21.66,0.184716052
21.67,0.184713079
21.68,0.184710109
21.69,0.184707143
21.7,0.184704181
21.71,0.184701222
21.72,0.184698266
21.73,0.184695314
21.74,0.184692366
21.75,0.184689431
21.76,0.184686489
21.77,0.18468356
21.78,0.184680616
21.79,0.184677684
21.8,0.184674766
21.81,0.184671841
21.82,0.18466893
21.83,0.184666012
21.84,0.184663098
21.85,0.184660197
21.86,0.184657289
21.87,0.184654395
21.88,0.184651504
21.89,0.184648606
21.9,0.184645722
21.91,0.184642831
21.92,0.184639943
21.93,0.184637069
21.94,0.184634198
21.95,0.184631331
21.96,0.184628467
21.97,0.184625596
21.98,0.184622738
21.99,0.184619884
22.0,0.184617033
22.01,0.184614185
22.02,0.184611341
22.03,0.18460849
22.04,0.184605652
22.05,0.184602817
22.06,0.184599986
22.07,0.184597158
22.08,0.184594333
22.09,0.184591522
22.1,0.184588694
22.11,0.184585879
22.12,0.184583067
22.13,0.184580268
22.14,0.184577463
22.15,0.184574661
22.16,0.184571862
22.17,0.184569066
22.18,0.184566284
22.19,0.184563495
22.2,0.184560709
22.21,0.184557936
22.22,0.184555166
22.23,0.18455238
22.24,0.184549616
22.25,0.184546856
22.26,0.184544089
22.27,0.184541335
22.28,0.184538575
22.29,0.184535817
22.3,0.184533073
22.31,0.184530331
22.32,0.184527593
22.33,0.184524848
22.34,0.184522116
22.35,0.184519378
22.36,0.184516652
22.37,0.184513929
22.38,0.18451121
22.39,0.184508494
22.4,0.18450577
22.41,0.18450306
22.42,0.184500353
22.43,0.184497639
22.44,0.184494948
22.45,0.18449225
22.46,0.184489556
22.47,0.184486864
22.48,0.184484165
22.49,0.18448148
22.5,0.184478797
22.51,0.184476127
22.52,0.184473451
22.53,0.184470777
22.54,0.184468107
22.55,0.184465439
22.56,0.184462775
22.57,0.184460123
22.58,0.184457465
22.59,0.184454809
22.6,0.184452167
22.61,0.184449508
22.62,0.184446871
22.63,0.184444228
22.64,0.184441597
22.65,0.18443896
22.66,0.184436335
22.67,0.184433703
22.68,0.184431075
22.69,0.184428459
22.7,0.184425836
22.71,0.184423226
22.72,0.184420619
22.73,0.184418005
22.74,0.184415394
22.75,0.184412796
22.76,0.184410201
22.77,0.184407599
22.78,0.184405009
22.79,0.184402423
22.8,0.184399829
22.81,0.184397249
22.82,0.184394671
22.83,0.184392096
22.84,0.184389514
22.85,0.184386945
22.86,0.184384379
22.87,0.184381805
22.88,0.184379254
22.89,0.184376697
22.9,0.184374132
22.91,0.18437159
22.92,0.184369041
22.93,0.184366484
22.94,0.184363941
22.95,0.1843614
22.96,0.184358873
22.97,0.184356338
22.98,0.184353805
22.99,0.184351276
23.0,0.184348749
23.01,0.184346225
23.02,0.184343705
23.03,0.184341186
23.04,0.184338681
23.05,0.184336169
23.06,0.184333659
23.07,0.184331152
23.08,0.184328647
23.09,0.184326156
23.1,0.184323657
23.11,0.184321171
23.12,0.184318678
23.13,0.184316188
23.14,0.1843137
23.15,0.184311225
23.16,0.184308743
23.17,0.184306273
23.18,0.184303806
23.19,0.184301332
23.2,0.184298861
23.21,0.184296402
23.22,0.184293946
23.23,0.184291483
23.24,0.184289033
23.25,0.184286575
23.26,0.18428413
23.27,0.184281677
23.28,0.184279238
23.29,0.184276801
23.3,0.184274366
23.31,0.184271935
23.32,0.184269496
23.33,0.184267069
23.34,0.184264646
23.35,0.184262225
23.36,0.184259796
23.37,0.184257381
23.38,0.184254967
23.39,0.184252557
23.4,0.184250149
23.41,0.184247744
23.42,0.184245341
23.43,0.184242942
23.44,0.184240534
23.45,0.184238139
23.46,0.184235748
23.47,0.184233358
23.48,0.184230971
23.49,0.184228597
23.5,0.184226215
23.51,0.184223836
23.52,0.18422146
23.53,0.184219086
23.54,0.184216715
23.55,0.184214346
23.56,0.18421199
23.57,0.184209616
23.58,0.184207265
23.59,0.184204907
23.6,0.184202561
23.61,0.184200207
23.62,0.184197856
23.63,0.184195518
23.64,0.184193162
23.65,0.184190829
23.66,0.184188489
23.67,0.184186161
23.68,0.184183825
23.69,0.184181502
23.7,0.184179171
23.71,0.184176843
23.72,0.184174528
23.73,0.184172205
23.74,0.184169894
23.75,0.184167576
23.76,0.184165271
23.77,0.184162957
23.78,0.184160657
23.79,0.184158349
23.8,0.184156053
23.81,0.18415376
23.82,0.184151469
23.83,0.184149171
23.84,0.184146875
23.85,0.184144592
23.86,0.184142311
23.87,0.184140033
23.88,0.184137757
23.89,0.184135474
23.9,0.184133203
23.91,0.184130934
23.92,0.184128668
23.93,0.184126394
23.94,0.184124133
23.95,0.184121874
23.96,0.184119618
23.97,0.184117363
23.98,0.184115112
23.99,0.184112863
24.0,0.184110616
24.01,0.184108371
24.02,0.184106119
24.03,0.18410388
24.04,0.184101643
24.05,0.184099408
24.06,0.184097185
24.07,0.184094955
24.08,0.184092727
24.09,0.184090492
24.1,0.184088269
24.11,0.184086059
24.12,0.18408384
24.13,0.184081624
24.14,0.184079411
24.15,0.1840772
24.16,0.184074991
24.17,0.184072794
24.18,0.18407059
24.19,0.184068388
24.2,0.184066189
24.21,0.184063992
24.22,0.184061807
24.23,0.184059614
24.24,0.184057424
24.25,0.184055247
24.26,0.184053061
24.27,0.184050888
24.28,0.184048697
24.29,0.184046528
24.3,0.184044352
24.31,0.184042188
24.32,0.184040016
24.33,0.184037856
24.34,0.184035689
24.35,0.184033524
24.36,0.184031372
24.37,0.184029211
24.38,0.184027063
24.39,0.184024918
24.4,0.184022764
24.41,0.184020623
24.42,0.184018474
24.43,0.184016337
24.44,0.184014192
24.45,0.18401206
24.46,0.18400993
24.47,0.184007792
24.48,0.184005667
24.49,0.184003533
24.5,0.184001412
24.51,0.183999293
24.52,0.183997177
24.53,0.183995052
24.54,0.18399294
24.55,0.18399083
24.56,0.183988722
24.57,0.183986617
24.58,0.183984513
24.59,0.183982402
24.6,0.183980303
24.61,0.183978196
24.62,0.183976102
24.63,0.18397402
24.64,0.183971919
24.65,0.183969831
24.66,0.183967745
24.67,0.183965662
24.68,0.18396358
24.69,0.183961501
24.7,0.183959424
24.71,0.183957349
24.72,0.183955276
24.73,0.183953195
24.74,0.183951137
24.75,0.18394907
24.76,0.183947006
24.77,0.183944944
24.78,0.183942884
24.79,0.183940826
24.8,0.18393877
24.81,0.183936717
24.82,0.183934665
24.83,0.183932616
24.84,0.183930579
24.85,0.183928534
24.86,0.183926491
24.87,0.18392445
24.88,0.183922411
24.89,0.183920385
24.9,0.18391835
24.91,0.183916318
24.92,0.183914288
24.93,0.183912259
24.94,0.183910243
24.95,0.183908219
24.96,0.183906197
24.97,0.183904187
24.98,0.183902169
24.99,0.183900154
25.0,0.18389814
0.01,0.313118715
0.02,0.364203481
0.03,0.375136315
0.04,0.377673298
0.05,0.377551221
0.06,0.376431518
0.07,0.374922401
0.08,0.373278205
0.09,0.371613613
0.1,0.370901873
0.11,0.370870604
0.12,0.370839354
0.13,0.370808121
0.14,0.370776906
0.15,0.370745709
0.16,0.37071453
0.17,0.370683369
0.18,0.370652228
0.19,0.370621104
0.2,0.37059
0.21,0.370558915
0.22,0.370527849
0.23,0.370496802
0.24,0.370465774
0.25,0.370434766
0.26,0.370533243
0.27,0.370631757
0.28,0.370730273
0.29,0.37082881
0.3,0.370927384
0.31,0.371025961
0.32,0.371124576
0.33,0.371223194
0.34,0.371321833
0.35,0.371420509
0.36,0.37151919
0.37,0.371617891
0.38,0.371716631
0.39,0.371815375
0.4,0.371914157
0.41,0.372012944
0.42,0.372111752
0.43,0.372210599
0.44,0.372309467
0.45,0.37240834
0.46,0.372507236
0.47,0.37260617
0.48,0.37270511
0.49,0.372804071
0.5,0.372903072
0.51,0.373002079
0.52,0.373101124
0.53,0.373200176
0.54,0.37329925
0.55,0.373398364
0.56,0.373497483
0.57,0.373596626
0.58,0.373695808
0.59,0.373795013
0.6,0.373894225
0.61,0.374227745
0.62,0.374552887
0.63,0.374878052
0.64,0.37520324
0.65,0.375528436
0.66,0.375853671
0.67,0.37617893
0.68,0.376504213
0.69,0.37682952
0.7,0.37715485
0.71,0.377480205
0.72,0.377805583
0.73,0.378130985
0.74,0.378456411
0.75,0.378781861
0.76,0.379107335
0.77,0.379432817
0.78,0.37975834
0.79,0.380083887
0.8,0.380409458
0.81,0.380735054
0.82,0.381060674
0.83,0.381386319
0.84,0.381711988
0.85,0.382037682
0.86,0.382363383
0.87,0.382689143
0.88,0.383014894
0.89,0.383340686
0.9,0.383666504
0.91,0.386528615
0.92,0.39442115
0.93,0.408022152
0.94,0.423558803
0.95,0.439095453
0.96,0.454632104
0.97,0.470168755
0.98,0.485705406
0.99,0.501242056
1.0,0.516778707
1.01,0.532315358
1.02,0.547852009
1.03,0.563388659
1.04,0.57892531
1.05,0.594461961
1.06,0.593910677
1.07,0.593357245
1.08,0.592803239
1.09,0.592249858
1.1,0.591698078
1.11,0.591148566
1.12,0.590459045
1.13,0.589730835
1.14,0.589068646
1.15,0.588463755
1.16,0.587372747
1.17,0.586299946
1.18,0.585260653
1.19,0.584045601
1.2,0.58233289
1.21,0.580655912
1.22,0.579013612
1.23,0.57740506
1.24,0.575829471
1.25,0.574286166
1.26,0.572774549
1.27,0.571294074
1.28,0.569844264
1.29,0.568424635
1.3,0.567034829
1.31,0.565674451
1.32,0.564343144
1.33,0.563040597
1.34,0.561766509
1.35,0.560520604
1.36,0.559302608
1.37,0.558112266
1.38,0.556949369
1.39,0.55581368
1.4,0.554704988
1.41,0.553623095
1.42,0.552567836
1.43,0.551539027
1.44,0.550536487
1.45,0.549560071
1.46,0.548609636
1.47,0.547685017
1.48,0.546786115
1.49,0.545912792
1.5,0.545064931
1.51,0.544242374
1.52,0.543445095
1.53,0.542672928
1.54,0.541925832
1.55,0.541203673
1.56,0.540506392
1.57,0.539833909
1.58,0.538800781
1.59,0.537065672
1.6,0.535341672
1.61,0.533628678
1.62,0.531926618
1.63,0.530235348
1.64,0.528554762
1.65,0.526884714
1.66,0.525225121
1.67,0.523575812
1.68,0.5219367
1.69,0.520307577
1.7,0.518688386
1.71,0.517078944
1.72,0.515479128
1.73,0.51388879
1.74,0.512307813
1.75,0.51073605
1.76,0.509173364
1.77,0.507619657
1.78,0.506074767
1.79,0.504538556
1.8,0.503010916
1.81,0.501491736
1.82,0.499980866
1.83,0.498478209
1.84,0.496983595
1.85,0.495496991
1.86,0.494018224
1.87,0.492547205
1.88,0.491083793
1.89,0.489627923
1.9,0.488179457
1.91,0.486738304
1.92,0.485304344
1.93,0.483877502
1.94,0.482457686
1.95,0.481044777
1.96,0.479638683
1.97,0.478239323
1.98,0.476846608
1.99,0.475460435
2.0,0.474080725
2.01,0.472831545
2.02,0.471588932
2.03,0.470357669
2.04,0.469134196
2.05,0.467918403
2.06,0.466710229
2.07,0.465509594
2.08,0.464316392
2.09,0.463130518
2.1,0.461951935
2.11,0.460780548
2.12,0.459616253
2.13,0.458458975
2.14,0.457308668
2.15,0.456165242
2.16,0.455028601
2.17,0.453898687
2.18,0.452775449
2.19,0.451658795
2.2,0.450548644
2.21,0.449444949
2.22,0.448347632
2.23,0.447256628
2.24,0.446171891
2.25,0.445093309
2.26,0.444020876
2.27,0.442954507
2.28,0.44189413
2.29,0.440839675
2.3,0.439791119
2.31,0.438748366
2.32,0.437711382
2.33,0.436680091
2.34,0.435654448
2.35,0.434634395
2.36,0.43361988
2.37,0.432610812
2.38,0.431607193
2.39,0.430608938
2.4,0.429615992
2.41,0.428628304
2.42,0.427645831
2.43,0.426668508
2.44,0.425696293
2.45,0.424729118
2.46,0.423766954
2.47,0.422809744
2.48,0.421857426
2.49,0.420909943
2.5,0.419967279
2.51,0.419029369
2.52,0.418096152
2.53,0.417167586
2.54,0.416243617
2.55,0.415324223
2.56,0.414409329
2.57,0.413498884
2.58,0.412592856
2.59,0.411691206
2.6,0.410793857
2.61,0.409900786
2.62,0.409011949
2.63,0.408127282
2.64,0.407246736
2.65,0.406370277
2.66,0.40549787
2.67,0.40462945
2.68,0.403764977
2.69,0.402904401
2.7,0.402047675
2.71,0.401194767
2.72,0.400345626
2.73,0.399500203
2.74,0.398658446
2.75,0.397820326
2.76,0.396985772
2.77,0.396154784
2.78,0.395327271
2.79,0.394503214
2.8,0.393682556
2.81,0.392865249
2.82,0.392051264
2.83,0.391240553
2.84,0.390433061
2.85,0.389628747
2.86,0.388827581
2.87,0.388028824
2.88,0.387232325
2.89,0.386438834
2.9,0.385648305
2.91,0.384860695
2.92,0.384075951
2.93,0.383294017
2.94,0.382514875
2.95,0.38173846
2.96,0.380964747
2.97,0.380193669
2.98,0.379428443
2.99,0.378663924
3.0,0.377901958
3.01,0.377232804
3.02,0.376613152
3.03,0.375995453
3.04,0.375379691
3.05,0.374765891
3.06,0.374154018
3.07,0.373544087
3.08,0.372936093
3.09,0.372330038
3.1,0.371725913
3.11,0.371123719
3.12,0.37052345
3.13,0.369925117
3.14,0.369328691
3.15,0.368734195
3.16,0.368141624
3.17,0.367550956
3.18,0.366962195
3.19,0.366375358
3.2,0.365790417
3.21,0.365207381
3.22,0.364626238
3.23,0.364047001
3.24,0.363469652
3.25,0.362894199
3.26,0.362320618
3.27,0.36174893
3.28,0.361179102
3.29,0.360611174
3.3,0.360045094
3.31,0.359480894
3.32,0.358918555
3.33,0.358358067
3.34,0.357799435
3.35,0.35724265
3.36,0.356687726
3.37,0.356134628
3.38,0.355583376
3.39,0.355033954
3.4,0.354486356
3.41,0.353940583
3.42,0.353396623
3.43,0.352854482
3.44,0.352314155
3.45,0.351775631
3.46,0.351238903
3.47,0.350703972
3.48,0.350170821
3.49,0.349639469
3.5,0.349109892
3.51,0.348582079
3.52,0.348056044
3.53,0.347531774
3.54,0.347009248
3.55,0.346488502
3.56,0.345969486
3.57,0.345452204
3.58,0.344936678
3.59,0.34442286
3.6,0.343910771
3.61,0.34340042
3.62,0.342891763
3.63,0.342384838
3.64,0.341877141
3.65,0.341363927
3.66,0.340852414
3.67,0.34034256
3.68,0.339834384
3.69,0.339327876
3.7,0.338823008
3.71,0.338319806
3.72,0.337818242
3.73,0.337318319
3.74,0.33682005
3.75,0.336323389
3.76,0.335828345
3.77,0.335334927
3.78,0.334843116
3.79,0.334352915
3.8,0.333864312
3.81,0.333377288
3.82,0.332891856
3.83,0.332408004
3.84,0.331925713
3.85,0.331445001
3.86,0.330965849
3.87,0.330488246
3.88,0.330012178
3.89,0.329537659
3.9,0.32906468
3.91,0.328593219
3.92,0.328123279
3.93,0.327654861
3.94,0.327187937
3.95,0.326722535
3.96,0.326258603
3.97,0.32579616
3.98,0.325335209
3.99,0.324875717
4.0,0.324417704
4.01,0.323972763
4.02,0.323529244
4.03,0.323087137
4.04,0.322646421
4.05,0.322207106
4.06,0.321769189
4.07,0.321332636
4.08,0.320897476
4.09,0.320463667
4.1,0.320031221
4.11,0.319600133
4.12,0.319170391
4.13,0.318741995
4.14,0.318314927
4.15,0.317889189
4.16,0.317464766
4.17,0.317041666
4.18,0.316619854
4.19,0.316199365
4.2,0.315780154
4.21,0.315362224
4.22,0.31494558
4.23,0.3145302
4.24,0.314116094
4.25,0.313703244
4.26,0.313291631
4.27,0.312881278
4.28,0.31247214
4.29,0.31206424
4.3,0.311657572
4.31,0.311252097
4.32,0.310847851
4.33,0.310444796
4.34,0.310042925
4.35,0.309642251
4.36,0.309242748
4.37,0.30884441
4.38,0.308447248
4.39,0.308051237
4.4,0.307656376
4.41,0.307262656
4.42,0.306870063
4.43,0.306478613
4.44,0.306088268
4.45,0.305699031
4.46,0.305310919
4.47,0.304923889
4.48,0.304537958
4.49,0.304153112
4.5,0.303769323
4.51,0.303386623
4.52,0.303004973
4.53,0.302624374
4.54,0.302244835
4.55,0.301866323
4.56,0.301488851
4.57,0.301112385
4.58,0.300736946
4.59,0.300362518
4.6,0.299989094
4.61,0.299616646
4.62,0.299245208
4.63,0.298874738
4.64,0.298505248
4.65,0.298136713
4.66,0.297769128
4.67,0.297402508
4.68,0.297036824
4.69,0.296672062
4.7,0.296308249
4.71,0.29594533
4.72,0.295583351
4.73,0.295222251
4.74,0.294862056
4.75,0.294502767
4.76,0.294144334
4.77,0.293786786
4.78,0.293430113
4.79,0.293074287
4.8,0.29271932
4.81,0.292365197
4.82,0.292011897
4.83,0.291659451
4.84,0.291307812
4.85,0.290956978
4.86,0.290606973
4.87,0.290257755
4.88,0.289909333
4.89,0.289561682
4.9,0.289214821
4.91,0.288868731
4.92,0.288523393
4.93,0.288178801
4.94,0.287834981
4.95,0.287491882
4.96,0.287149527
4.97,0.286807889
4.98,0.28646696
4.99,0.286126753
5.0,0.285787234
5.01,0.285497216
5.02,0.285172229
5.03,0.284848161
5.04,0.284525019
5.05,0.284202765
5.06,0.2838814
5.07,0.283560935
5.08,0.283241339
5.09,0.282922605
5.1,0.282604723
5.11,0.282287693
5.12,0.2819715
5.13,0.281656129
5.14,0.281341589
5.15,0.281027853
5.16,0.280714916
5.17,0.280402779
5.18,0.280091412
5.19,0.279780816
5.2,0.279470992
5.21,0.279161922
5.22,0.278853589
5.23,0.27854601
5.24,0.27823914
5.25,0.277933005
5.26,0.277627563
5.27,0.277322832
5.28,0.277018802
5.29,0.276715433
5.3,0.276412751
5.31,0.276110734
5.32,0.275809367
5.33,0.275508645
5.34,0.275208565
5.35,0.274909116
5.36,0.274610289
5.37,0.274312075
5.38,0.274014449
5.39,0.273717437
5.4,0.273420995
5.41,0.27312514
5.42,0.272829849
5.43,0.272535108
5.44,0.272240934
5.45,0.271947294
5.46,0.27165418
5.47,0.271361605
5.48,0.271069532
5.49,0.270777969
5.5,0.27048691
5.51,0.270196334
5.52,0.269906246
5.53,0.269616628
5.54,0.269327468
5.55,0.269038778
5.56,0.268750523
5.57,0.268462711
5.58,0.268175327
5.59,0.267888368
5.6,0.267601824
5.61,0.267315677
5.62,0.267029925
5.63,0.266744577
5.64,0.266459585
5.65,0.266174992
5.66,0.265890741
5.67,0.26560684
5.68,0.265323303
5.69,0.265040095
5.7,0.26475721
5.71,0.264474657
5.72,0.264192417
5.73,0.263910475
5.74,0.263628833
5.75,0.263347473
5.76,0.263066408
5.77,0.262785599
5.78,0.262505053
5.79,0.262224774
5.8,0.261944731
5.81,0.261664936
5.82,0.261385363
5.83,0.261106022
5.84,0.260826885
5.85,0.260547963
5.86,0.260269223
5.87,0.259990702
5.88,0.259712333
5.89,0.25943416
5.9,0.259156143
5.91,0.258878278
5.92,0.258600571
5.93,0.258323008
5.94,0.25804558
5.95,0.257768271
5.96,0.25749107
5.97,0.257213993
5.98,0.256937017
5.99,0.256660129
6.0,0.256383339
6.01,0.256125031
6.02,0.255888082
6.03,0.25565166
6.04,0.255415769
6.05,0.255180409
6.06,0.254945569
6.07,0.254711253
6.08,0.254477464
6.09,0.254244187
6.1,0.25401143
6.11,0.253779193
6.12,0.253547461
6.13,0.253316244
6.14,0.253085531
6.15,0.252855327
6.16,0.252625632
6.17,0.252396423
6.18,0.25216773
6.19,0.251939528
6.2,0.251711817
6.21,0.251484616
6.22,0.251257892
6.23,0.251031663
6.24,0.250805925
6.25,0.25058067
6.26,0.250355894
6.27,0.250131605
6.28,0.249907793
6.29,0.249684464
6.3,0.249461607
6.31,0.24923922
6.32,0.249017311
6.33,0.248795868
6.34,0.248574902
6.35,0.248354387
6.36,0.248134343
6.37,0.247911587
6.38,0.247686527
6.39,0.247461971
6.4,0.247237922
6.41,0.247014373
6.42,0.246791336
6.43,0.246568787
6.44,0.246346735
6.45,0.24612518
6.46,0.245904108
6.47,0.245683536
6.48,0.245463446
6.49,0.245243845
6.5,0.24502473
6.51,0.244806091
6.52,0.244587926
6.53,0.244370252
6.54,0.244153039
6.55,0.243936303
6.56,0.243720047
6.57,0.243504246
6.58,0.243288928
6.59,0.243074063
6.6,0.242859658
6.61,0.242645721
6.62,0.242432246
6.63,0.242219223
6.64,0.242006657
6.65,0.241794541
6.66,0.241582887
6.67,0.241371663
6.68,0.241160899
6.69,0.24095058
6.7,0.240740698
6.71,0.240531268
6.72,0.24032227
6.73,0.240113714
6.74,0.239905596
6.75,0.239697907
6.76,0.239490654
6.77,0.239283836
6.78,0.23907744
6.79,0.238871468
6.8,0.238665925
6.81,0.238460801
6.82,0.238256115
6.83,0.238051836
6.84,0.237847969
6.85,0.237644537
6.86,0.237441509
6.87,0.237238888
6.88,0.237036688
6.89,0.236834896
6.9,0.23663351
6.91,0.236432531
6.92,0.236231952
6.93,0.236031787
6.94,0.235832012
6.95,0.235632649
6.96,0.235433673
6.97,0.235235094
6.98,0.23503692
6.99,0.234839131
7.0,0.234650751
7.01,0.234481485
7.02,0.23431276
7.03,0.234144562
7.04,0.233976871
7.05,0.233809714
7.06,0.233643077
7.07,0.233476952
7.08,0.233311335
7.09,0.233146244
7.1,0.232981655
7.11,0.23281757
7.12,0.232653995
7.13,0.232490929
7.14,0.232328349
7.15,0.232166283
7.16,0.232004709
7.17,0.231844574
7.18,0.231685442
7.19,0.231526798
7.2,0.231368642
7.21,0.231210966
7.22,0.231053792
7.23,0.230897091
7.24,0.230740855
7.25,0.230585117
7.26,0.230429852
7.27,0.23027504
7.28,0.230120728
7.29,0.229966877
7.3,0.229813471
7.31,0.229660563
7.32,0.229508108
7.33,0.229356104
7.34,0.229204573
7.35,0.22905351
7.36,0.228902883
7.37,0.228752712
7.38,0.228603005
7.39,0.228453751
7.4,0.228304934
7.41,0.228156569
7.42,0.22800865
7.43,0.227861166
7.44,0.227714127
7.45,0.227567539
7.46,0.227421372
7.47,0.227275655
7.48,0.227130363
7.49,0.226985499
7.5,0.226841078
7.51,0.22669708
7.52,0.226553504
7.53,0.226410357
7.54,0.226267648
7.55,0.226125345
7.56,0.225983458
7.57,0.225841992
7.58,0.22570095
7.59,0.225560317
7.6,0.225420105
7.61,0.225280301
7.62,0.225140889
7.63,0.225001905
7.64,0.224863333
7.65,0.22472514
7.66,0.224587371
7.67,0.224450007
7.68,0.224313022
7.69,0.224176453
7.7,0.224040277
7.71,0.223904496
7.72,0.223769094
7.73,0.223634102
7.74,0.223499501
7.75,0.223365266
7.76,0.223231447
7.77,0.223098002
7.78,0.222964929
7.79,0.222832258
7.8,0.222699961
7.81,0.22256804
7.82,0.222436497
7.83,0.22230533
7.84,0.222174538
7.85,0.22204412
7.86,0.221914086
7.87,0.221784411
7.88,0.221655106
7.89,0.22152617
7.9,0.2213976
7.91,0.221269387
7.92,0.221141549
7.93,0.221014073
7.94,0.220886949
7.95,0.220760186
7.96,0.220633793
7.97,0.220507729
7.98,0.22038204
7.99,0.220256709
8.0,0.220131719
8.01,0.220007084
8.02,0.219882791
8.03,0.219758861
8.04,0.219635259
8.05,0.219512015
8.06,0.219389119
8.07,0.219266549
8.08,0.219144333
8.09,0.219022453
8.1,0.218900903
8.11,0.218779705
8.12,0.218658837
8.13,0.218538298
8.14,0.218418097
8.15,0.218298243
8.16,0.218178704
8.17,0.21805949
8.18,0.217940619
8.19,0.21782206
8.2,0.217703833
8.21,0.217585935
8.22,0.217468354
8.23,0.217351094
8.24,0.21723416
8.25,0.217117549
8.26,0.217001245
8.27,0.216885263
8.28,0.216769603
8.29,0.216654246
8.3,0.216539217
8.31,0.216424498
8.32,0.216310086
8.33,0.216195972
8.34,0.216082184
8.35,0.215968701
8.36,0.21585552
8.37,0.215742644
8.38,0.215630079
8.39,0.215517804
8.4,0.215405849
8.41,0.215294183
8.42,0.215182813
8.43,0.215071752
8.44,0.214960986
8.45,0.214850512
8.46,0.214740335
8.47,0.214630459
8.48,0.214520874
8.49,0.214411571
8.5,0.214302567
8.51,0.214193852
8.52,0.214085415
8.53,0.213977284
8.54,0.21386943
8.55,0.21376186
8.56,0.213654574
8.57,0.213547582
8.58,0.213440861
8.59,0.213334421
8.6,0.213228271
8.61,0.21312239
8.62,0.213016798
8.63,0.212911473
8.64,0.212806434
8.65,0.212701664
8.66,0.212597165
8.67,0.21249295
8.68,0.212388998
8.69,0.21228532
8.7,0.21218191
8.71,0.212078773
8.72,0.211975904
8.73,0.211873304
8.74,0.211770961
8.75,0.211668894
8.76,0.211567093
8.77,0.211465537
8.78,0.211364267
8.79,0.211263249
8.8,0.211162492
8.81,0.211061987
8.82,0.210961755
8.83,0.210861771
8.84,0.210762045
8.85,0.210662579
8.86,0.210563369
8.87,0.210464397
8.88,0.210365699
8.89,0.210267247
8.9,0.210169038
8.91,0.210071083
8.92,0.209973392
8.93,0.20987594
8.94,0.20977872
8.95,0.209681769
8.96,0.209585058
8.97,0.209488585
8.98,0.209392372
8.99,0.209296392
9.0,0.209200651
9.01,0.209105153
9.02,0.209009901
9.03,0.208914884
9.04,0.208820107
9.05,0.208725584
9.06,0.208631283
9.07,0.208537223
9.08,0.208443391
9.09,0.20834981
9.1,0.208256446
9.11,0.20816333
9.12,0.208070442
9.13,0.20797777
9.14,0.207885352
9.15,0.207793161
9.16,0.207701182
9.17,0.207609447
9.18,0.207517936
9.19,0.207426645
9.2,0.207335596
9.21,0.207244768
9.22,0.20715415
9.23,0.20706377
9.24,0.206973618
9.25,0.206883684
9.26,0.206793956
9.27,0.206704467
9.28,0.20661519
9.29,0.206526131
9.3,0.206437294
9.31,0.206348682
9.32,0.206260273
9.33,0.206172085
9.34,0.206084119
9.35,0.205996363
9.36,0.205908818
9.37,0.205821493
9.38,0.205734375
9.39,0.205647476
9.4,0.205560786
9.41,0.2054743
9.42,0.205388023
9.43,0.20530197
9.44,0.20521611
9.45,0.205130458
9.46,0.205045026
9.47,0.204959791
9.48,0.204874756
9.49,0.204789942
9.5,0.20470532
9.51,0.204620898
9.52,0.204536697
9.53,0.204452683
9.54,0.20436887
9.55,0.204285265
9.56,0.204201855
9.57,0.204118653
9.58,0.204035636
9.59,0.203952836
9.6,0.203870221
9.61,0.203787801
9.62,0.203705582
9.63,0.203623558
9.64,0.203541715
9.65,0.203460085
9.66,0.203378647
9.67,0.203297389
9.68,0.203216331
9.69,0.203135472
9.7,0.203054793
9.71,0.202974303
9.72,0.202894009
9.73,0.202813914
9.74,0.202733985
9.75,0.202654262
9.76,0.202574724
9.77,0.202495362
9.78,0.202416195
9.79,0.20233721
9.8,0.202258409
9.81,0.202179791
9.82,0.202101366
9.83,0.202023112
9.84,0.201945049
9.85,0.201867166
9.86,0.201789454
9.87,0.201711943
9.88,0.201634598
9.89,0.201557432
9.9,0.201480445
9.91,0.201403645
9.92,0.201327022
9.93,0.201250565
9.94,0.201174284
9.95,0.201098198
9.96,0.201022266
9.97,0.200946518
9.98,0.200870946
9.99,0.200795545
10.0,0.200720318
10.01,0.200695073
10.02,0.200667035
10.03,0.200639063
10.04,0.200611182
10.05,0.200583377
10.06,0.200555623
10.07,0.200527962
10.08,0.200500364
10.09,0.200472839
10.1,0.200445396
10.11,0.200418013
10.12,0.200390704
10.13,0.200363476
10.14,0.200336308
10.15,0.200309213
10.16,0.200282187
10.17,0.200255242
10.18,0.200228359
10.19,0.200201544
10.2,0.2001748
10.21,0.200148136
10.22,0.200121521
10.23,0.200094996
10.24,0.20006853
10.25,0.200042123
10.26,0.200015794
10.27,0.199989544
10.28,0.199963343
10.29,0.199937211
10.3,0.199911155
10.31,0.199885168
10.32,0.199859237
10.33,0.199833385
10.34,0.19980759
10.35,0.199781861
10.36,0.199756199
10.37,0.199730605
10.38,0.199705077
10.39,0.199679615
10.4,0.199654208
10.41,0.199628878
10.42,0.199603602
10.43,0.199578404
10.44,0.199553249
10.45,0.19952817
10.46,0.199503167
10.47,0.199478207
10.48,0.199453312
10.49,0.199428492
10.5,0.199403735
10.51,0.199379022
10.52,0.199354394
10.53,0.199329818
10.54,0.199305297
10.55,0.199280839
10.56,0.199256453
10.57,0.19923211
10.58,0.199207852
10.59,0.199183644
10.6,0.199159489
10.61,0.199135406
10.62,0.199111377
10.63,0.199087398
10.64,0.199063491
10.65,0.199039645
10.66,0.199015861
10.67,0.198992128
10.68,0.198968455
10.69,0.198944844
10.7,0.198921284
10.71,0.198897784
10.72,0.198874354
10.73,0.198850964
10.74,0.198827645
10.75,0.198804386
10.76,0.198781165
10.77,0.198758024
10.78,0.198734923
10.79,0.19871188
10.8,0.198688907
10.81,0.198665982
10.82,0.198643118
10.83,0.1986203
10.84,0.198597552
10.85,0.198574841
10.86,0.198552199
10.87,0.198529604
10.88,0.198507078
10.89,0.198484588
10.9,0.198462165
10.91,0.198439793
10.92,0.198417475
10.93,0.198395205
10.94,0.198373001
10.95,0.198350843
10.96,0.198328743
10.97,0.1983067
10.98,0.198284702
10.99,0.19826276
11.0,0.198240864
11.01,0.198219034
11.02,0.198197249
11.03,0.19817551
11.04,0.198153837
11.05,0.198132199
11.06,0.198110626
11.07,0.198089107
11.08,0.198067623
11.09,0.198046205
11.1,0.19802484
11.11,0.19800352
11.12,0.197982253
11.13,0.197961031
11.14,0.197939864
11.15,0.19791875
11.16,0.197897677
11.17,0.197876662
11.18,0.197855686
11.19,0.197834776
11.2,0.197813909
11.21,0.197793085
11.22,0.197772323
11.23,0.197751604
11.24,0.197730916
11.25,0.197710303
11.26,0.19768973
11.27,0.197669201
11.28,0.197648714
11.29,0.197628288
11.3,0.197607913
11.31,0.197587571
11.32,0.197567289
11.33,0.19754705
11.34,0.197526852
11.35,0.197506704
11.36,0.197486617
11.37,0.197466553
11.38,0.197446556
11.39,0.197426592
11.4,0.197406679
11.41,0.197386816
11.42,0.197367003
11.43,0.197347229
11.44,0.197327496
11.45,0.197307812
11.46,0.197288178
11.47,0.197270748
11.48,0.197253741
11.49,0.197236775
11.5,0.197219858
11.51,0.197202989
11.52,0.197186161
11.53,0.197169371
11.54,0.197152638
11.55,0.197135947
11.56,0.197119292
11.57,0.197102686
11.58,0.197086119
11.59,0.197069599
11.6,0.197053127
11.61,0.197036693
11.62,0.197020308
11.63,0.197003949
11.64,0.19698765
11.65,0.196971396
11.66,0.196955171
11.67,0.196939003
11.68,0.19692287
11.69,0.196906765
11.7,0.196890729
11.71,0.196874729
11.72,0.196858754
11.73,0.196842826
11.74,0.196826957
11.75,0.196811121
11.76,0.196795313
11.77,0.19677956
11.78,0.196763844
11.79,0.196748163
11.8,0.196732539
11.81,0.196716941
11.82,0.196701388
11.83,0.196685879
11.84,0.196670406
11.85,0.196654969
11.86,0.196639587
11.87,0.19662423
11.88,0.196608919
11.89,0.196593651
11.9,0.196578419
11.91,0.19656322
11.92,0.196548068
11.93,0.196532958
11.94,0.196517884
11.95,0.196502843
11.96,0.196487847
11.97,0.196472896
11.98,0.196457967
11.99,0.196443092
12.0,0.196428251
12.01,0.196413445
12.02,0.196398681
12.03,0.19638395
12.04,0.196369264
12.05,0.19635461
12.06,0.19634
12.07,0.196325422
12.08,0.196310878
12.09,0.196296375
12.1,0.196281917
12.11,0.196267481
12.12,0.196253096
12.13,0.196238746
12.14,0.196224427
12.15,0.19621015
12.16,0.196195906
12.17,0.196181693
12.18,0.196167522
12.19,0.196153393
12.2,0.196139298
12.21,0.196125232
12.22,0.196111208
12.23,0.196097216
12.24,0.196083255
12.25,0.196069347
12.26,0.196055468
12.27,0.196041612
12.28,0.196027806
12.29,0.196014021
12.3,0.196000277
12.31,0.195986575
12.32,0.195972902
12.33,0.19595926
12.34,0.195945659
12.35,0.195932097
12.36,0.195918568
12.37,0.195905057
12.38,0.195891597
12.39,0.195878167
12.4,0.195864768
12.41,0.195851407
12.42,0.195838078
12.43,0.195824778
12.44,0.195811527
12.45,0.195798296
12.46,0.195785094
12.47,0.195771941
12.48,0.195758809
12.49,0.195745715
12.5,0.195732651
12.51,0.195719626
12.52,0.195706639
12.53,0.195693672
12.54,0.195680743
12.55,0.195667843
12.56,0.195654971
12.57,0.195642149
12.58,0.195629345
12.59,0.19561658
12.6,0.195603842
12.61,0.195591143
12.62,0.195578463
12.63,0.195565831
12.64,0.195553224
12.65,0.195540638
12.66,0.1955281
12.67,0.195515588
12.68,0.195503105
12.69,0.195490649
12.7,0.195478231
12.71,0.195465851
12.72,0.195453488
12.73,0.195441161
12.74,0.195428873
12.75,0.1954166
12.76,0.195404367
12.77,0.19539217
12.78,0.195379989
12.79,0.195367846
12.8,0.195355739
12.81,0.195343648
12.82,0.195331595
12.83,0.195319579
12.84,0.195307589
12.85,0.195295624
12.86,0.195283696
12.87,0.195271796
12.88,0.195259922
12.89,0.195248072
12.9,0.19523627
12.91,0.195224472
12.92,0.195212721
12.93,0.195200997
12.94,0.195189299
12.95,0.195177635
12.96,0.195165997
12.97,0.195154396
12.98,0.195142809
12.99,0.195131257
13.0,0.195119732
13.01,0.19510824
13.02,0.195096775
13.03,0.195085335
13.04,0.19507392
13.05,0.19506254
13.06,0.195051195
13.07,0.195039865
13.08,0.195028569
13.09,0.195017299
13.1,0.195006052
13.11,0.194994841
13.12,0.194983665
13.13,0.194972503
13.14,0.194961364
13.15,0.194950271
13.16,0.194939192
13.17,0.194928137
13.18,0.194917126
13.19,0.194906129
13.2,0.194895156
13.21,0.194884218
13.22,0.194873313
13.23,0.194862422
13.24,0.194851564
13.25,0.19484073
13.26,0.19482992
13.27,0.194819144
13.28,0.194808391
13.29,0.194797671
13.3,0.194786966
13.31,0.194776293
13.32,0.194765653
13.33,0.194755028
13.34,0.194744434
13.35,0.194733864
13.36,0.194723318
13.37,0.194712804
13.38,0.194702312
13.39,0.194691844
13.4,0.194681399
13.41,0.194670996
13.42,0.194660596
13.43,0.194650238
13.44,0.194639903
13.45,0.19462959
13.46,0.1946193
13.47,0.194609032
13.48,0.194598797
13.49,0.194588584
13.5,0.194578393
13.51,0.194568234
13.52,0.194558097
13.53,0.194547982
13.54,0.194537899
13.55,0.194527828
13.56,0.194517789
13.57,0.194507782
13.58,0.194497786
13.59,0.194487822
13.6,0.19447788
13.61,0.194467959
13.62,0.194458069
13.63,0.194448201
13.64,0.194438355
13.65,0.19442853
13.66,0.194418735
13.67,0.194408963
13.68,0.194399211
13.69,0.194389491
13.7,0.194379781
13.71,0.194370102
13.72,0.194360445
13.73,0.194350819
13.74,0.194341203
13.75,0.194331618
13.76,0.194322063
13.77,0.194312529
13.78,0.194303007
13.79,0.194293515
13.8,0.194284042
13.81,0.194274601
13.82,0.19426517
13.83,0.194255778
13.84,0.194246388
13.85,0.194237038
13.86,0.194227708
13.87,0.194218398
13.88,0.194209109
13.89,0.194199849
13.9,0.194190609
13.91,0.19418138
13.92,0.19417219
13.93,0.19416301
13.94,0.194153849
13.95,0.194144719
13.96,0.194135617
13.97,0.194126526
13.98,0.194117465
13.99,0.194108413
14.0,0.1940994
14.01,0.194090397
14.02,0.194081413
14.03,0.194072459
14.04,0.194063524
14.05,0.194054618
14.06,0.194045721
14.07,0.194036854
14.08,0.194027995
14.09,0.194019176
14.1,0.194010366
14.11,0.194001584
14.12,0.193992822
14.13,0.193984078
14.14,0.193975353
14.15,0.193966647
14.16,0.193957969
14.17,0.19394931
14.18,0.19394067
14.19,0.193932059
14.2,0.193923466
14.21,0.193914881
14.22,0.193906326
14.23,0.193897798
14.24,0.193889278
14.25,0.193880787
14.26,0.193872314
14.27,0.193863859
14.28,0.193855422
14.29,0.193847015
14.3,0.193838624
14.31,0.193830252
14.32,0.193821897
14.33,0.193813024
14.34,0.193802446
14.35,0.193791893
14.36,0.19378136
14.37,0.193770845
14.38,0.193760359
14.39,0.193749889
14.4,0.193739428
14.41,0.193728996
14.42,0.193718589
14.43,0.193708193
14.44,0.193697823
14.45,0.193687471
14.46,0.193677138
14.47,0.193666822
14.48,0.193656523
14.49,0.193646253
14.5,0.193636009
14.51,0.193625773
14.52,0.193615555
14.53,0.193605354
14.54,0.19359517
14.55,0.193585014
14.56,0.193574885
14.57,0.193564763
14.58,0.193554669
14.59,0.193544582
14.6,0.193534522
14.61,0.193524479
14.62,0.193514454
14.63,0.193504455
14.64,0.193494473
14.65,0.193484508
14.66,0.193474551
14.67,0.193464629
14.68,0.193454715
14.69,0.193444828
14.7,0.193434957
14.71,0.193425103
14.72,0.193415256
14.73,0.193405445
14.74,0.193395641
14.75,0.193385863
14.76,0.193376102
14.77,0.193366368
14.78,0.193356639
14.79,0.193346928
14.8,0.193337233
14.81,0.193327564
14.82,0.193317911
14.83,0.193308284
14.84,0.193298664
14.85,0.19328906
14.86,0.193279482
14.87,0.193269921
14.88,0.193260374
14.89,0.193250844
14.9,0.19324134
14.91,0.193231853
14.92,0.193222361
14.93,0.193212915
14.94,0.193203475
14.95,0.19319406
14.96,0.193184651
14.97,0.193175268
14.98,0.193165891
14.99,0.19315654
15.0,0.193147203
15.01,0.193137893
15.02,0.193128588
15.03,0.193119309
15.04,0.193110035
15.05,0.193100786
15.06,0.193091552
15.07,0.193082345
15.08,0.193073152
15.09,0.193063975
15.1,0.193054803
15.11,0.193045657
15.12,0.193036525
15.13,0.193027409
15.14,0.193018318
15.15,0.193009241
15.16,0.19300018
15.17,0.192991124
15.18,0.192982093
15.19,0.192973087
15.2,0.192964086
15.21,0.192955109
15.22,0.192946148
15.23,0.192937201
15.24,0.192928259
15.25,0.192919352
15.26,0.192910449
15.27,0.192901571
15.28,0.192892709
15.29,0.192883859
15.3,0.192875015
15.31,0.192866206
15.32,0.192857401
15.33,0.192848611
15.34,0.192839845
15.35,0.192831104
15.36,0.192822356
15.37,0.192813633
15.38,0.192804924
15.39,0.19279624
15.4,0.192787571
15.41,0.192778904
15.42,0.192770273
15.43,0.192761625
15.44,0.192753022
15.45,0.192744423
15.46,0.192735848
15.47,0.192727287
15.48,0.192718739
15.49,0.192710196
15.5,0.192701676
15.51,0.192693172
15.52,0.192684689
15.53,0.192676213
15.54,0.192667758
15.55,0.192659318
15.56,0.192650882
15.57,0.19264247
15.58,0.19263408
15.59,0.192625696
15.6,0.192617334
15.61,0.192608985
15.62,0.192600641
15.63,0.192592321
15.64,0.192584013
15.65,0.192575719
15.66,0.192567449
15.67,0.192559181
15.68,0.192550928
15.69,0.192542697
15.7,0.19253448
15.71,0.192526277
15.72,0.192518097
15.73,0.19250992
15.74,0.192501765
15.75,0.192493604
15.76,0.192485477
15.77,0.192477362
15.78,0.192469271
15.79,0.192461182
15.8,0.192453106
15.81,0.192445045
15.82,0.192436996
15.83,0.192428969
15.84,0.192420955
15.85,0.192412955
15.86,0.192404968
15.87,0.192397003
15.88,0.192389031
15.89,0.192381091
15.9,0.192373165
15.91,0.192365241
15.92,0.19235734
15.93,0.192349452
15.94,0.192341576
15.95,0.192333712
15.96,0.192325862
15.97,0.192318034
15.98,0.192310219
15.99,0.192302416
16.0,0.192294626
16.01,0.192286838
16.02,0.192279073
16.03,0.192271329
16.04,0.192263589
16.05,0.19225587
16.06,0.192248164
16.07,0.19224045
16.08,0.192232768
16.09,0.19222511
16.1,0.192217452
16.11,0.192209808
16.12,0.192202175
16.13,0.192194554
16.14,0.192186956
16.15,0.192179369
16.16,0.192171795
16.17,0.192164234
16.18,0.192156683
16.19,0.192149155
16.2,0.192141619
16.21,0.192134114
16.22,0.192126612
16.23,0.192119131
16.24,0.192111663
16.25,0.192104205
16.26,0.192096751
16.27,0.192089328
16.28,0.192081906
16.29,0.192074497
16.3,0.192067109
16.31,0.192059732
16.32,0.192052358
16.33,0.192045004
16.34,0.192037653
16.35,0.192030333
16.36,0.192023015
16.37,0.192015718
16.38,0.192008423
16.39,0.19200114
16.4,0.191993867
16.41,0.191986616
16.42,0.191979377
16.43,0.191972148
16.44,0.191964943
16.45,0.191957727
16.46,0.191950532
16.47,0.19194336
16.48,0.191936198
16.49,0.191929038
16.5,0.1919219
16.51,0.191914772
16.52,0.191907645
16.53,0.19190055
16.54,0.191893455
16.55,0.191886373
16.56,0.191879311
16.57,0.19187225
16.58,0.191865199
16.59,0.191858171
16.6,0.191851153
16.61,0.191844145
16.62,0.19183715
16.63,0.191830165
16.64,0.191823202
16.65,0.191816227
16.66,0.191809285
16.67,0.191802344
16.68,0.191795423
16.69,0.191788513
16.7,0.191781613
16.71,0.191774715
16.72,0.191767847
16.73,0.19176098
16.74,0.191754125
16.75,0.191747288
16.76,0.191740454
16.77,0.191733629
16.78,0.191726826
16.79,0.191720032
16.8,0.19171325
16.81,0.191706477
16.82,0.191699716
16.83,0.191692965
16.84,0.191686225
16.85,0.191679494
16.86,0.191672784
16.87,0.191666075
16.88,0.191659386
16.89,0.191652707
16.9,0.191646029
16.91,0.191639371
16.92,0.191632734
16.93,0.191626096
16.94,0.191619469
16.95,0.191612862
16.96,0.191606256
16.97,0.191599659
16.98,0.191593082
16.99,0.191586506
17.0,0.191579951
17.01,0.191573404
17.02,0.191566869
17.03,0.191560344
17.04,0.191553827
17.05,0.191547322
17.06,0.191540836
17.07,0.19153436
17.08,0.191527884
17.09,0.191521429
17.1,0.191514973
17.11,0.191508537
17.12,0.191502111
17.13,0.191495695
17.14,0.191489289
17.15,0.191482903
17.16,0.191476506
17.17,0.191470139
17.18,0.191463772
17.19,0.191457425
17.2,0.191449921
17.21,0.19144321
17.22,0.191436498
17.23,0.191429805
17.24,0.191423121
17.25,0.191416446
17.26,0.191409781
17.27,0.191403136
17.28,0.191396489
17.29,0.191389852
17.3,0.191383233
17.31,0.191376614
17.32,0.191370014
17.33,0.191363422
17.34,0.191356842
17.35,0.191350258
17.36,0.191343695
17.37,0.19133715
17.38,0.191330604
17.39,0.191324077
17.4,0.19131755
17.41,0.191311041
17.42,0.191304522
17.43,0.191298031
17.44,0.191291549
17.45,0.191285076
17.46,0.191278612
17.47,0.191272157
17.48,0.191265701
17.49,0.191259263
17.5,0.191252844
17.51,0.191246425
17.52,0.191240024
17.53,0.191233621
17.54,0.191227228
17.55,0.191220853
17.56,0.191214486
17.57,0.191208128
17.58,0.19120177
17.59,0.191195439
17.6,0.191189108
17.61,0.191182775
17.62,0.19117646
17.63,0.191170165
17.64,0.191163868
17.65,0.191157588
17.66,0.191151319
17.67,0.191145037
17.68,0.191138784
17.69,0.191132539
17.7,0.191126303
17.71,0.191120076
17.72,0.191113856
17.73,0.191107645
17.74,0.191101433
17.75,0.191095248
17.76,0.191089062
17.77,0.191082895
17.78,0.191076726
17.79,0.191070575
17.8,0.191064423
17.81,0.191058288
17.82,0.191052152
17.83,0.191046034
17.84,0.191039925
17.85,0.191033824
17.86,0.191027731
17.87,0.191021645
17.88,0.191015568
17.89,0.19100951
17.9,0.19100345
17.91,0.190997396
17.92,0.190991363
17.93,0.190985326
17.94,0.190979309
17.95,0.190973288
17.96,0.190967296
17.97,0.190961292
17.98,0.190955317
17.99,0.190949328
18.0,0.190943358
18.01,0.190937396
18.02,0.190931442
18.03,0.190925506
18.04,0.190919567
18.05,0.190913647
18.06,0.190907714
18.07,0.190901809
18.08,0.190895912
18.09,0.190890022
18.1,0.190884142
18.11,0.190878268
18.12,0.190872393
18.13,0.190866535
18.14,0.190860685
18.15,0.190854843
18.16,0.190849007
18.17,0.19084319
18.18,0.190837371
18.19,0.19083156
18.2,0.190825766
18.21,0.190819969
18.22,0.190814191
18.23,0.190808419
18.24,0.190802657
18.25,0.19079688
18.26,0.190791132
18.27,0.190785391
18.28,0.190779669
18.29,0.190773942
18.3,0.190768224
18.31,0.190762514
18.32,0.190756811
18.33,0.190751114
18.34,0.190745437
18.35,0.190739766
18.36,0.190734092
18.37,0.190728436
18.38,0.190722779
18.39,0.190717127
18.4,0.190711503
18.41,0.190705867
18.42,0.190700258
18.43,0.190694646
18.44,0.190689032
18.45,0.190683435
18.46,0.190677845
18.47,0.190672262
18.48,0.190666697
18.49,0.190661129
18.5,0.190655578
18.51,0.190650024
18.52,0.190644478
18.53,0.190638949
18.54,0.190633427
18.55,0.190627912
18.56,0.190622404
18.57,0.190616894
18.58,0.1906114
18.59,0.190605914
18.6,0.190600434
18.61,0.190594962
18.62,0.190589496
18.63,0.190584039
18.64,0.190578588
18.65,0.190573154
18.66,0.190567717
18.67,0.190562297
18.68,0.190556874
18.69,0.190551468
18.7,0.190546059
18.71,0.190540666
18.72,0.190535281
18.73,0.190529903
18.74,0.190524531
18.75,0.190519167
18.76,0.1905138
18.77,0.190508449
18.78,0.190503105
18.79,0.190497778
18.8,0.190492448
18.81,0.190487124
18.82,0.190481818
18.83,0.190476498
18.84,0.190471205
18.85,0.190465919
18.86,0.19046063
18.87,0.190455356
18.88,0.190450091
18.89,0.190444821
18.9,0.190439568
18.91,0.190434313
18.92,0.190429083
18.93,0.19042385
18.94,0.190418625
18.95,0.190413406
18.96,0.190408183
18.97,0.190402987
18.98,0.190397788
18.99,0.190392594
19.0,0.190387418
19.01,0.190382238
19.02,0.190377065
19.03,0.190371908
19.04,0.190366759
19.05,0.190361605
19.06,0.190356468
19.07,0.190351337
19.08,0.190346203
19.09,0.190341086
19.1,0.190335974
19.11,0.190330869
19.12,0.190325772
19.13,0.19032068
19.14,0.190315604
19.15,0.190310515
19.16,0.190305443
19.17,0.190300386
19.18,0.190295326
19.19,0.190290273
19.2,0.190285235
19.21,0.190280194
19.22,0.190275159
19.23,0.190270141
19.24,0.190265129
19.25,0.190260124
19.26,0.190255114
19.27,0.190250121
19.28,0.190245124
19.29,0.190240143
19.3,0.190235169
19.31,0.190230201
19.32,0.190225248
19.33,0.190220292
19.34,0.190215333
19.35,0.190210399
19.36,0.190205462
19.37,0.19020053
19.38,0.190195615
19.39,0.190190696
19.4,0.190185783
19.41,0.190180877
19.42,0.190175986
19.43,0.190171101
19.44,0.190166222
19.45,0.190161339
19.46,0.190156473
19.47,0.190151603
19.48,0.190146748
19.49,0.1901419
19.5,0.190137058
19.51,0.190132221
19.52,0.1901274
19.53,0.190122566
19.54,0.190117747
19.55,0.190112935
19.56,0.190108138
19.57,0.190103337
19.58,0.190098542
19.59,0.190093764
19.6,0.190088971
19.61,0.190084203
19.62,0.190079442
19.63,0.190074676
19.64,0.190069927
19.65,0.190065183
19.66,0.190060435
19.67,0.190055693
19.68,0.190050967
19.69,0.190046246
19.7,0.190041532
19.71,0.190036823
19.72,0.19003212
19.73,0.190027412
19.74,0.19002273
19.75,0.190018044
19.76,0.190013364
19.77,0.190008689
19.78,0.190004031
19.79,0.189999357
19.8,0.18999471
19.81,0.189990058
19.82,0.189985423
19.83,0.189980782
19.84,0.189976157
19.85,0.189971527
19.86,0.189966904
19.87,0.189962296
19.88,0.189957694
19.89,0.189953097
19.9,0.189948496
19.91,0.18994391
19.92,0.18993933
19.93,0.189934756
19.94,0.189930187
19.95,0.189925623
19.96,0.189921065
19.97,0.189916514
19.98,0.189911956
19.99,0.189907425
20.0,0.189902889
20.01,0.189898359
20.02,0.189893844
20.03,0.189889324
20.04,0.18988481
20.05,0.189880301
20.06,0.189875808
20.07,0.18987131
20.08,0.189866828
20.09,0.189862341
20.1,0.189857869
20.11,0.189853393
20.12,0.189848932
20.13,0.189844477
20.14,0.189840027
20.15,0.189835582
20.16,0.189831132
20.17,0.189826699
20.18,0.189822269
20.19,0.189817846
20.2,0.189813428
20.21,0.189809015
20.22,0.189804617
20.23,0.189800215
20.24,0.189795807
20.25,0.189791415
20.26,0.189787039
20.27,0.189782657
20.28,0.189778281
20.29,0.18977392
20.3,0.189769554
20.31,0.189765194
20.32,0.189760848
20.33,0.189756508
20.34,0.189752163
20.35,0.189747833
20.36,0.189743508
20.37,0.189739168
20.38,0.189734853
20.39,0.189730545
20.4,0.18972624
20.41,0.189721941
20.42,0.189717646
20.43,0.189713348
20.44,0.189709064
20.45,0.189704785
20.46,0.189700521
20.47,0.189696252
20.48,0.189691988
20.49,0.18968772
20.5,0.189683476
20.51,0.189679227
20.52,0.189674984
20.53,0.189670755
20.54,0.189666521
20.55,0.189662303
20.56,0.189658069
20.57,0.18965386
20.58,0.189649647
20.59,0.189645448
20.6,0.189641244
20.61,0.189637055
20.62,0.189632861
20.63,0.189628682
20.64,0.189624507
20.65,0.189620338
20.66,0.189616174
20.67,0.189612014
20.68,0.189607849
20.69,0.18960369
20.7,0.189599555
20.71,0.189595415
20.72,0.189591279
20.73,0.189587149
20.74,0.189583023
20.75,0.189578892
20.76,0.189574776
20.77,0.189570675
20.78,0.189566568
20.79,0.189562467
20.8,0.18955838
20.81,0.189554288
20.82,0.1895502
20.83,0.189546118
20.84,0.18954205
20.85,0.189537976
20.86,0.189533918
20.87,0.189529864
20.88,0.189525796
20.89,0.189521751
20.9,0.189517702
20.91,0.189513667
20.92,0.189509636
20.93,0.189505611
20.94,0.18950158
20.95,0.189497564
20.96,0.189493552
20.97,0.189489545
20.98,0.189485543
20.99,0.189481535
21.0,0.189477541
21.01,0.189473553
21.02,0.189469569
21.03,0.18946559
21.04,0.189461615
21.05,0.189457645
21.06,0.189453689
21.07,0.189449718
21.08,0.189445772
21.09,0.18944182
21.1,0.189437872
21.11,0.189433929
21.12,0.189430001
21.13,0.189426067
21.14,0.189422137
21.15,0.189418213
21.16,0.189414302
21.17,0.189410397
21.18,0.189406485
21.19,0.189402588
21.2,0.189398686
21.21,0.189394787
21.22,0.189390904
21.23,0.189387025
21.24,0.18938315
21.25,0.18937928
21.26,0.189375404
21.27,0.189371533
21.28,0.189367686
21.29,0.189363823
21.3,0.189359984
21.31,0.18935613
21.32,0.189352301
21.33,0.189348456
21.34,0.189344625
21.35,0.189340798
21.36,0.189336976
21.37,0.189333158
21.38,0.189329355
21.39,0.189325536
21.4,0.189321741
21.41,0.189317941
21.42,0.189314144
21.43,0.189310352
21.44,0.189306575
21.45,0.189302791
21.46,0.189299012
21.47,0.189295248
21.48,0.189291477
21.49,0.189287721
21.5,0.189283959
21.51,0.189280211
21.52,0.189276457
21.53,0.189272708
21.54,0.189268972
21.55,0.189265242
21.56,0.189261505
21.57,0.189257782
21.58,0.189254054
21.59,0.18925034
21.6,0.18924663
21.61,0.189242924
21.62,0.189239223
21.63,0.189235525
21.64,0.189231832
21.65,0.189228133
21.66,0.189224447
21.67,0.189220766
21.68,0.189217089
21.69,0.189213416
21.7,0.189209748
21.71,0.189206083
21.72,0.189202423
21.73,0.189198767
21.74,0.189195114
21.75,0.189191476
21.76,0.189187832
21.77,0.189184202
21.78,0.189180556
21.79,0.189176924
21.8,0.189173306
21.81,0.189169682
21.82,0.189166073
21.83,0.189162457
21.84,0.189158845
21.85,0.189155247
21.86,0.189151643
21.87,0.189148053
21.88,0.189144468
21.89,0.189140876
21.9,0.189137298
21.91,0.189133714
21.92,0.189130134
21.93,0.189126568
21.94,0.189123006
21.95,0.189119448
21.96,0.189115894
21.97,0.189112334
21.98,0.189108787
21.99,0.189105245
22.0,0.189101706
22.01,0.189098172
22.02,0.189094641
22.03,0.189091104
22.04,0.189087582
22.05,0.189084062
22.06,0.189080547
22.07,0.189077036
22.08,0.189073529
22.09,0.189070035
22.1,0.189066526
22.11,0.18906303
22.12,0.189059538
22.13,0.18905606
22.14,0.189052576
22.15,0.189049095
22.16,0.189045618
22.17,0.189042145
22.18,0.189038686
22.19,0.189035221
22.2,0.189031759
22.21,0.189028312
22.22,0.189024868
22.23,0.189021408
22.24,0.189017971
22.25,0.189014539
22.26,0.1890111
22.27,0.189007674
22.28,0.189004243
22.29,0.189000816
22.3,0.188997402
22.31,0.188993991
22.32,0.188990585
22.33,0.188987172
22.34,0.188983773
22.35,0.188980368
22.36,0.188976976
22.37,0.188973588
22.38,0.188970204
22.39,0.188966823
22.4,0.188963436
22.41,0.188960063
22.42,0.188956693
22.43,0.188953317
22.44,0.188949965
22.45,0.188946606
22.46,0.188943251
22.47,0.1889399
22.48,0.188936542
22.49,0.188933198
22.5,0.188929857
22.51,0.18892653
22.52,0.188923197
22.53,0.188919867
22.54,0.188916541
22.55,0.188913218
22.56,0.188909899
22.57,0.188906594
22.58,0.188903282
22.59,0.188899974
22.6,0.188896679
22.61,0.188893368
22.62,0.18889008
22.63,0.188886786
22.64,0.188883506
22.65,0.188880219
22.66,0.188876945
22.67,0.188873665
22.68,0.188870389
22.69,0.188867125
22.7,0.188863856
22.71,0.1888606
22.72,0.188857348
22.73,0.188854089
22.74,0.188850833
22.75,0.188847591
22.76,0.188844352
22.77,0.188841107
22.78,0.188837876
22.79,0.188834648
22.8,0.188831413
22.81,0.188828192
22.82,0.188824974
22.83,0.188821759
22.84,0.188818539
22.85,0.188815331
22.86,0.188812127
22.87,0.188808916
22.88,0.188805728
22.89,0.188802535
22.9,0.188799334
22.91,0.188796157
22.92,0.188792973
22.93,0.188786583
22.94,0.188783203
22.95,0.188779827
22.96,0.188776464
22.97,0.188773095
22.98,0.18876973
22.99,0.188766368
23.0,0.188763009
23.01,0.188759654
23.02,0.188756302
23.03,0.188752954
23.04,0.18874962
23.05,0.188746278
23.06,0.188742941
23.07,0.188739607
23.08,0.188736276
23.09,0.188732959
23.1,0.188729635
23.11,0.188726325
23.12,0.188723008
23.13,0.188719695
23.14,0.188716385
23.15,0.188713088
23.16,0.188709785
23.17,0.188706495
23.18,0.188703209
23.19,0.188699917
23.2,0.188696627
23.21,0.188693351
23.22,0.188690078
23.23,0.188686799
23.24,0.188683533
23.25,0.18868026
23.26,0.188677002
23.27,0.188673736
23.28,0.188670483
23.29,0.188667235
23.3,0.188663989
23.31,0.188660747
23.32,0.188657498
23.33,0.188654262
23.34,0.18865103
23.35,0.188647801
23.36,0.188644565
23.37,0.188641343
23.38,0.188638124
23.39,0.188634909
23.4,0.188631697
23.41,0.188628487
23.42,0.188625282
23.43,0.188622079
23.44,0.18861887
23.45,0.188615674
23.46,0.188612482
23.47,0.188609293
23.48,0.188606107
23.49,0.188602934
23.5,0.188599755
23.51,0.188596578
23.52,0.188593406
23.53,0.188590236
23.54,0.188587069
23.55,0.188583906
23.56,0.188580756
23.57,0.18857759
23.58,0.188574446
23.59,0.188571296
23.6,0.188568159
23.61,0.188565015
23.62,0.188561874
23.63,0.188558747
23.64,0.188555603
23.65,0.188552481
23.66,0.188549353
23.67,0.188546239
23.68,0.188543117
23.69,0.188540009
23.7,0.188536894
23.71,0.188533781
23.72,0.188530683
23.73,0.188527578
23.74,0.188524485
23.75,0.188521385
23.76,0.188518299
23.77,0.188515206
23.78,0.188512126
23.79,0.188509039
23.8,0.188505965
23.81,0.188502895
23.82,0.188499827
23.83,0.188496753
23.84,0.188493682
23.85,0.188490623
23.86,0.188487568
23.87,0.188484516
23.88,0.188481467
23.89,0.188478412
23.9,0.188475369
23.91,0.188472329
23.92,0.188469293
23.93,0.188466249
23.94,0.188463218
23.95,0.188460191
23.96,0.188457167
23.97,0.188454146
23.98,0.188451127
23.99,0.188448112
24.0,0.1884451
24.01,0.188442091
24.02,0.188439074
24.03,0.188436071
24.04,0.188433072
24.05,0.188430075
24.06,0.18842709
24.07,0.188424099
24.08,0.188421111
24.09,0.188418116
24.1,0.188415134
24.11,0.188412166
24.12,0.188409189
24.13,0.188406216
24.14,0.188403246
24.15,0.188400279
24.16,0.188397315
24.17,0.188394364
24.18,0.188391405
24.19,0.18838845
24.2,0.188385497
24.21,0.188382548
24.22,0.188379612
24.23,0.188376668
24.24,0.188373728
24.25,0.1883708
24.26,0.188367866
24.27,0.188364944
24.28,0.188362005
24.29,0.188359089
24.3,0.188356166
24.31,0.188353256
24.32,0.188350338
24.33,0.188347434
24.34,0.188344523
24.35,0.188341614
24.36,0.188338718
24.37,0.188335816
24.38,0.188332926
24.39,0.188330039
24.4,0.188327145
24.41,0.188324263
24.42,0.188321375
24.43,0.188318499
24.44,0.188315616
24.45,0.188312746
24.46,0.188309879
24.47,0.188307005
24.48,0.188304144
24.49,0.188301275
24.5,0.18829842
24.51,0.188295567
24.52,0.188292717
24.53,0.188289859
24.54,0.188287015
24.55,0.188284174
24.56,0.188281335
24.57,0.188278499
24.58,0.188275666
24.59,0.188272826
24.6,0.188269998
24.61,0.188267163
24.62,0.188264341
24.63,0.188261532
24.64,0.188258705
24.65,0.188255891
24.66,0.188253081
24.67,0.188250273
24.68,0.188247467
24.69,0.188244664
24.7,0.188241865
24.71,0.188239068
24.72,0.188236273
24.73,0.188233471
24.74,0.188230692
24.75,0.188227906
24.76,0.188225123
24.77,0.188222342
24.78,0.188219564
24.79,0.188216789
24.8,0.188214016
24.81,0.188211246
24.82,0.188208479
24.83,0.188205715
24.84,0.188202963
24.85,0.188200204
24.86,0.188197448
24.87,0.188194694
24.88,0.188191943
24.89,0.188189205
24.9,0.188186459
24.91,0.188183716
24.92,0.188180976
24.93,0.188178238
24.94,0.188175513
24.95,0.188172781
24.96,0.188170052
24.97,0.188167335
24.98,0.18816461
24.99,0.188161889
25.0,0.18815917
0.01,0.354980515
0.02,0.406158829
0.03,0.417111684
0.04,0.419653312
0.05,0.419531012
0.06,0.418409258
0.07,0.416897378
0.08,0.415250171
0.09,0.413582531
0.1,0.412869487
0.11,0.412838162
0.12,0.412806854
0.13,0.412775564
0.14,0.412744291
0.15,0.412713037
0.16,0.412681801
0.17,0.412650584
0.18,0.412619385
0.19,0.412588205
0.2,0.412557044
0.21,0.412525901
0.22,0.412494778
0.23,0.412463674
0.24,0.41243259
0.25,0.412401525
0.26,0.412500183
0.27,0.412598877
0.28,0.412697574
0.29,0.412796291
0.3,0.412895045
0.31,0.412993803
0.32,0.413092598
0.33,0.413191397
0.34,0.413290216
0.35,0.413389074
0.36,0.413487935
0.37,0.413586817
0.38,0.413685738
0.39,0.413784662
0.4,0.413883625
0.41,0.413982593
0.42,0.414081582
0.43,0.41418061
0.44,0.414279659
0.45,0.414378714
0.46,0.41447779
0.47,0.414576906
0.48,0.414676026
0.49,0.414775169
0.5,0.414874351
0.51,0.414973539
0.52,0.415072766
0.53,0.415171999
0.54,0.415271255
0.55,0.41537055
0.56,0.415469851
0.57,0.415569175
0.58,0.415668539
0.59,0.415767926
0.6,0.415867319
0.61,0.41620145
0.62,0.416527187
0.63,0.416852948
0.64,0.417178732
0.65,0.417504523
0.66,0.417830354
0.67,0.418156209
0.68,0.418482087
0.69,0.418807989
0.7,0.419133916
0.71,0.419459866
0.72,0.41978584
0.73,0.420111838
0.74,0.42043786
0.75,0.420763906
0.76,0.421089976
0.77,0.421416054
0.78,0.421742173
0.79,0.422068316
0.8,0.422394483
0.81,0.422720675
0.82,0.423046892
0.83,0.423373133
0.84,0.423699398
0.85,0.424025689
0.86,0.424351986
0.87,0.424678343
0.88,0.42500469
0.89,0.425331079
0.9,0.425657493
0.91,0.429773726
0.92,0.438929594
0.93,0.453804382
0.94,0.470618364
0.95,0.487432345
0.96,0.504246327
0.97,0.521060309
0.98,0.537874291
0.99,0.554688273
1.0,0.571502255
1.01,0.588316237
1.02,0.605130218
1.03,0.6219442
1.04,0.638758182
1.05,0.655572164
1.06,0.655556557
1.07,0.655503527
1.08,0.655420065
1.09,0.655311742
1.1,0.655183079
1.11,0.655037624
1.12,0.654307159
1.13,0.653397552
1.14,0.65255838
1.15,0.651780373
1.16,0.650518657
1.17,0.649278107
1.18,0.648071315
1.19,0.646675928
1.2,0.644784468
1.21,0.642931101
1.22,0.641114578
1.23,0.639333812
1.24,0.637587869
1.25,0.635875946
1.26,0.634197338
1.27,0.63255139
1.28,0.630937539
1.29,0.629355207
1.3,0.627803975
1.31,0.626283372
1.32,0.62479297
1.33,0.623332413
1.34,0.621901335
1.35,0.620499417
1.36,0.619126337
1.37,0.617781796
1.38,0.616465539
1.39,0.615177298
1.4,0.613916831
1.41,0.612683899
1.42,0.611478308
1.43,0.610299852
1.44,0.609133376
1.45,0.607985403
1.46,0.60686401
1.47,0.605769017
1.48,0.604700293
1.49,0.60365769
1.5,0.602641061
1.51,0.601650238
1.52,0.600685171
1.53,0.59974568
1.54,0.598831718
1.55,0.597943118
1.56,0.597079813
1.57,0.596241712
1.58,0.595040674
1.59,0.593127976
1.6,0.591219896
1.61,0.589317119
1.62,0.587420279
1.63,0.585529843
1.64,0.583646269
1.65,0.58176993
1.66,0.579901205
1.67,0.578040347
1.68,0.576187646
1.69,0.57434323
1.7,0.572507369
1.71,0.57068014
1.72,0.568861683
1.73,0.567052076
1.74,0.565251431
1.75,0.563459767
1.76,0.561677132
1.77,0.559903571
1.78,0.558139061
1.79,0.556383595
1.8,0.554637198
1.81,0.552899836
1.82,0.551171459
1.83,0.549452063
1.84,0.547741533
1.85,0.546039942
1.86,0.544347126
1.87,0.542663074
1.88,0.540987711
1.89,0.53932099
1.9,0.537662813
1.91,0.536013122
1.92,0.534371834
1.93,0.53273889
1.94,0.53111424
1.95,0.529497762
1.96,0.527889389
1.97,0.526289044
1.98,0.524696651
1.99,0.523112128
2.0,0.521535393
2.01,0.520090759
2.02,0.518669163
2.03,0.517270571
2.04,0.51588106
2.05,0.514500527
2.06,0.513128907
2.07,0.511766118
2.08,0.510412046
2.09,0.509066589
2.1,0.507729694
2.11,0.506401289
2.12,0.505081222
2.13,0.503769433
2.14,0.502465863
2.15,0.501170425
2.16,0.49988298
2.17,0.498603513
2.18,0.497331914
2.19,0.496068119
2.2,0.494812005
2.21,0.493563541
2.22,0.49232261
2.23,0.491089153
2.24,0.489863119
2.25,0.488644375
2.26,0.48743291
2.27,0.486228625
2.28,0.48503143
2.29,0.483841261
2.3,0.48265806
2.31,0.48148173
2.32,0.48031222
2.33,0.479149461
2.34,0.477993385
2.35,0.476843912
2.36,0.475700999
2.37,0.474564523
2.38,0.47343449
2.39,0.472310781
2.4,0.471193361
2.41,0.470082143
2.42,0.468977104
2.43,0.467878126
2.44,0.466785172
2.45,0.465698171
2.46,0.464617099
2.47,0.463541848
2.48,0.46247237
2.49,0.4614086
2.5,0.460350497
2.51,0.459298002
2.52,0.458251038
2.53,0.457209542
2.54,0.456173449
2.55,0.455142753
2.56,0.454117341
2.57,0.453097177
2.58,0.452082179
2.59,0.451072357
2.6,0.450067568
2.61,0.449067822
2.62,0.448073047
2.63,0.44708317
2.64,0.446098125
2.65,0.445117891
2.66,0.444142409
2.67,0.443171601
2.68,0.442205425
2.69,0.441243833
2.7,0.440286746
2.71,0.43933415
2.72,0.438385969
2.73,0.437442153
2.74,0.436502635
2.75,0.435567382
2.76,0.434636311
2.77,0.433709441
2.78,0.432786624
2.79,0.431867881
2.8,0.430953119
2.81,0.430042291
2.82,0.429135367
2.83,0.428232285
2.84,0.427332973
2.85,0.426437408
2.86,0.425545537
2.87,0.42465729
2.88,0.423772611
2.89,0.422891481
2.9,0.422013828
2.91,0.421139611
2.92,0.420268769
2.93,0.419401236
2.94,0.418537001
2.95,0.417675978
2.96,0.41681814
2.97,0.415963416
2.98,0.415124738
2.99,0.414281714
3.0,0.413441797
3.01,0.412695396
3.02,0.411999103
3.03,0.411305298
3.04,0.410613949
3.05,0.409925082
3.06,0.409238663
3.07,0.408554669
3.08,0.407873119
3.09,0.407194015
3.1,0.40651732
3.11,0.405843032
3.12,0.405171155
3.13,0.404501705
3.14,0.403834614
3.15,0.403169924
3.16,0.402507631
3.17,0.401847678
3.18,0.40119009
3.19,0.400534879
3.2,0.399882003
3.21,0.399231476
3.22,0.398583277
3.23,0.39793742
3.24,0.397293862
3.25,0.396652643
3.26,0.396013695
3.27,0.395377067
3.28,0.394742687
3.29,0.394110634
3.3,0.393480834
3.31,0.392853305
3.32,0.392228026
3.33,0.391605004
3.34,0.390984215
3.35,0.390365644
3.36,0.389749346
3.37,0.389135229
3.38,0.388523334
3.39,0.387913641
3.4,0.387306135
3.41,0.386700822
3.42,0.386097669
3.43,0.38549671
3.44,0.384897907
3.45,0.384301266
3.46,0.383706759
3.47,0.383114393
3.48,0.382524133
3.49,0.381936035
3.5,0.381350031
3.51,0.380766135
3.52,0.380184326
3.53,0.379604631
3.54,0.379026981
3.55,0.378451446
3.56,0.377877945
3.57,0.377306506
3.58,0.376737131
3.59,0.376183906
3.6,0.375641775
3.61,0.375101678
3.62,0.374563562
3.63,0.374027494
3.64,0.373483586
3.65,0.372912835
3.66,0.372344072
3.67,0.37177722
3.68,0.371212303
3.69,0.370649318
3.7,0.370088216
3.71,0.369529038
3.72,0.368971752
3.73,0.368416358
3.74,0.367862881
3.75,0.367311246
3.76,0.366761472
3.77,0.366213565
3.78,0.365667528
3.79,0.365123323
3.8,0.364580978
3.81,0.36404044
3.82,0.363501724
3.83,0.362964833
3.84,0.362429739
3.85,0.361896465
3.86,0.361364965
3.87,0.360835252
3.88,0.360307311
3.89,0.359781146
3.9,0.359256742
3.91,0.358734091
3.92,0.358213176
3.93,0.357694005
3.94,0.357176551
3.95,0.356660857
3.96,0.356146836
3.97,0.355634524
3.98,0.355123912
3.99,0.354614981
4.0,0.354107747
4.01,0.353613815
4.02,0.353121523
4.03,0.352630847
4.04,0.352141768
4.05,0.351654303
4.06,0.351168444
4.07,0.350684147
4.08,0.350201455
4.09,0.34972031
4.1,0.349240735
4.11,0.348762719
4.12,0.348286245
4.13,0.347811316
4.14,0.347337912
4.15,0.346866036
4.16,0.346395667
4.17,0.345926816
4.18,0.345459444
4.19,0.344993589
4.2,0.344529204
4.21,0.344066286
4.22,0.343604842
4.23,0.343144848
4.24,0.342686316
4.25,0.342229224
4.26,0.341773556
4.27,0.341319325
4.28,0.340866493
4.29,0.340415078
4.3,0.339965077
4.31,0.339516449
4.32,0.339069227
4.33,0.338623372
4.34,0.338178875
4.35,0.337735747
4.36,0.337293967
4.37,0.336853528
4.38,0.336414434
4.39,0.335976662
4.4,0.335540204
4.41,0.335105062
4.42,0.334671214
4.43,0.334238669
4.44,0.333807402
4.45,0.333377408
4.46,0.332948702
4.47,0.332521238
4.48,0.332095037
4.49,0.331670087
4.5,0.331246349
4.51,0.330823858
4.52,0.33040258
4.53,0.329982504
4.54,0.329563651
4.55,0.32914598
4.56,0.328729501
4.57,0.328314184
4.58,0.327900047
4.59,0.327487073
4.6,0.327075257
4.61,0.326664565
4.62,0.326255035
4.63,0.325846617
4.64,0.325439335
4.65,0.32503315
4.66,0.324628062
4.67,0.324224085
4.68,0.323821191
4.69,0.323419364
4.7,0.323018627
4.71,0.322618926
4.72,0.322220309
4.73,0.321822706
4.74,0.321426157
4.75,0.321030649
4.76,0.320636133
4.77,0.320242646
4.78,0.319850167
4.79,0.319458675
4.8,0.319068176
4.81,0.318678657
4.82,0.318290095
4.83,0.317902519
4.84,0.317515885
4.85,0.317130185
4.86,0.316745451
4.87,0.316361631
4.88,0.315978736
4.89,0.315596743
4.9,0.31521567
4.91,0.314835492
4.92,0.314456198
4.93,0.31407777
4.94,0.313700249
4.95,0.313323568
4.96,0.312947758
4.97,0.312572788
4.98,0.312198651
4.99,0.311825356
5.0,0.311452871
5.01,0.311130097
5.02,0.310772414
5.03,0.310415771
5.04,0.310060165
5.05,0.309705579
5.06,0.309351991
5.07,0.308999428
5.08,0.308647847
5.09,0.308297244
5.1,0.307947611
5.11,0.307598943
5.12,0.307251229
5.13,0.306904448
5.14,0.306558618
5.15,0.306213702
5.16,0.305869698
5.17,0.305526606
5.18,0.305184396
5.19,0.304843067
5.2,0.304502617
5.21,0.304163034
5.22,0.3038243
5.23,0.303486424
5.24,0.303149366
5.25,0.302813151
5.26,0.302477735
5.27,0.30214314
5.28,0.301809348
5.29,0.301476321
5.3,0.301144088
5.31,0.300812624
5.32,0.300481917
5.33,0.300151953
5.34,0.299822735
5.35,0.299494251
5.36,0.299166492
5.37,0.298839443
5.38,0.298513086
5.39,0.298187441
5.4,0.297862469
5.41,0.297538178
5.42,0.297214552
5.43,0.296891576
5.44,0.296569264
5.45,0.296247579
5.46,0.29592652
5.47,0.295606094
5.48,0.295286266
5.49,0.294967046
5.5,0.294648425
5.51,0.294330379
5.52,0.294012912
5.53,0.293696012
5.54,0.293379664
5.55,0.293063874
5.56,0.292748612
5.57,0.29243389
5.58,0.29211968
5.59,0.291805987
5.6,0.291492802
5.61,0.291180102
5.62,0.290867889
5.63,0.290556163
5.64,0.290244882
5.65,0.289934092
5.66,0.28962373
5.67,0.289313803
5.68,0.289004327
5.69,0.288695273
5.7,0.288386619
5.71,0.288078385
5.72,0.287770551
5.73,0.287463098
5.74,0.287179391
5.75,0.286913214
5.76,0.286647415
5.77,0.286381955
5.78,0.286116836
5.79,0.285852071
5.8,0.285587623
5.81,0.285323502
5.82,0.285059689
5.83,0.284796185
5.84,0.284532965
5.85,0.28427004
5.86,0.284007376
5.87,0.283745012
5.88,0.283482877
5.89,0.283221016
5.9,0.282959388
5.91,0.282697993
5.92,0.282436833
5.93,0.282175891
5.94,0.28191516
5.95,0.281654628
5.96,0.281394275
5.97,0.281134124
5.98,0.280874148
5.99,0.280614336
6.0,0.280354696
6.01,0.280113646
6.02,0.279894067
6.03,0.279675088
6.04,0.279456712
6.05,0.279238945
6.06,0.27902177
6.07,0.278805191
6.08,0.278589212
6.09,0.278373818
6.1,0.278159012
6.11,0.277944803
6.12,0.277731166
6.13,0.277518117
6.14,0.277305643
6.15,0.277093746
6.16,0.276882427
6.17,0.276671665
6.18,0.27646149
6.19,0.276251875
6.2,0.276042818
6.21,0.275834338
6.22,0.275626407
6.23,0.275419038
6.24,0.275212225
6.25,0.275005964
6.26,0.27480025
6.27,0.274595085
6.28,0.274390469
6.29,0.274186398
6.3,0.273982867
6.31,0.273779872
6.32,0.273577418
6.33,0.273375496
6.34,0.273174118
6.35,0.272973253
6.36,0.272772922
6.37,0.272569938
6.38,0.272364709
6.39,0.272160046
6.4,0.271955955
6.41,0.271752427
6.42,0.271549472
6.43,0.271347066
6.44,0.271145222
6.45,0.270943939
6.46,0.270743196
6.47,0.270543011
6.48,0.270343374
6.49,0.270144288
6.5,0.269945749
6.51,0.269747742
6.52,0.269550272
6.53,0.269353349
6.54,0.26915695
6.55,0.268961084
6.56,0.268765762
6.57,0.268570948
6.58,0.268376679
6.59,0.268182919
6.6,0.26798968
6.61,0.267796962
6.62,0.26760477
6.63,0.267413083
6.64,0.267221914
6.65,0.267031246
6.66,0.266841097
6.67,0.266651438
6.68,0.266462294
6.69,0.266273649
6.7,0.2660855
6.71,0.265897856
6.72,0.2657107
6.73,0.265524041
6.74,0.265337871
6.75,0.265152191
6.76,0.264966998
6.77,0.264782292
6.78,0.264598064
6.79,0.264414314
6.8,0.264231046
6.81,0.264048251
6.82,0.263865945
6.83,0.263684103
6.84,0.263502718
6.85,0.263321825
6.86,0.26314139
6.87,0.262961409
6.88,0.262781904
6.89,0.262602859
6.9,0.262424269
6.91,0.262246141
6.92,0.26206846
6.93,0.261891244
6.94,0.261714468
6.95,0.261538158
6.96,0.261362282
6.97,0.261186852
6.98,0.261011879
6.99,0.260837341
7.0,0.260672274
7.01,0.260526406
7.02,0.260381129
7.03,0.26023643
7.04,0.260092283
7.05,0.259948721
7.06,0.259805725
7.07,0.259663291
7.08,0.259521413
7.09,0.259380109
7.1,0.259239353
7.11,0.25909915
7.12,0.258959503
7.13,0.258820414
7.14,0.258681857
7.15,0.25854386
7.16,0.2584064
7.17,0.258262825
7.18,0.25809036
7.19,0.257918442
7.2,0.257747073
7.21,0.257576238
7.22,0.257405962
7.23,0.257236219
7.24,0.257066994
7.25,0.256898328
7.26,0.256730188
7.27,0.256562556
7.28,0.256395483
7.29,0.256228931
7.3,0.256062871
7.31,0.25589737
7.32,0.255732379
7.33,0.255567891
7.34,0.255403933
7.35,0.255240498
7.36,0.255077553
7.37,0.254915123
7.38,0.254753204
7.39,0.254591799
7.4,0.254430879
7.41,0.254270466
7.42,0.25411056
7.43,0.253951137
7.44,0.253792214
7.45,0.253633794
7.46,0.25347585
7.47,0.253318409
7.48,0.253161443
7.49,0.253004961
7.5,0.252848975
7.51,0.252693462
7.52,0.252538426
7.53,0.252383867
7.54,0.2522298
7.55,0.252076193
7.56,0.251923055
7.57,0.251770385
7.58,0.251618194
7.59,0.25146646
7.6,0.251315202
7.61,0.251164403
7.62,0.251014042
7.63,0.250864163
7.64,0.250714749
7.65,0.25056576
7.66,0.250417248
7.67,0.25026919
7.68,0.250121561
7.69,0.249974397
7.7,0.249827678
7.71,0.249681404
7.72,0.249535556
7.73,0.249390167
7.74,0.249245221
7.75,0.24910069
7.76,0.248956622
7.77,0.248812978
7.78,0.248669752
7.79,0.248526978
7.8,0.248384628
7.81,0.248242703
7.82,0.2481012
7.83,0.247960126
7.84,0.247819473
7.85,0.24767924
7.86,0.247539439
7.87,0.247400045
7.88,0.24726107
7.89,0.247122509
7.9,0.246984361
7.91,0.246846618
7.92,0.2467093
7.93,0.246572386
7.94,0.246435873
7.95,0.246299768
7.96,0.246164076
7.97,0.246028763
7.98,0.24589387
7.99,0.24575938
8.0,0.245625278
8.01,0.245491576
8.02,0.24535826
8.03,0.245225355
8.04,0.245092825
8.05,0.244960693
8.06,0.244828959
8.07,0.244697595
8.08,0.244566629
8.09,0.244436045
8.1,0.244305836
8.11,0.244176023
8.12,0.244046581
8.13,0.243917517
8.14,0.243788832
8.15,0.243660542
8.16,0.243532607
8.17,0.243405046
8.18,0.243277868
8.19,0.243151044
8.2,0.243024598
8.21,0.242898528
8.22,0.242772814
8.23,0.242647465
8.24,0.242522486
8.25,0.242397871
8.26,0.242273607
8.27,0.242149709
8.28,0.242026174
8.29,0.241902985
8.3,0.241780168
8.31,0.241657701
8.32,0.241535586
8.33,0.241413811
8.34,0.241292404
8.35,0.241171341
8.36,0.241050623
8.37,0.240930255
8.38,0.240810237
8.39,0.240690553
8.4,0.240571229
8.41,0.240452237
8.42,0.240333581
8.43,0.240215273
8.44,0.240097304
8.45,0.239979667
8.46,0.239862369
8.47,0.239745413
8.48,0.239628782
8.49,0.239512482
8.5,0.239396519
8.51,0.239280885
8.52,0.239165568
8.53,0.2390506
8.54,0.238935948
8.55,0.23882162
8.56,0.238707618
8.57,0.238593945
8.58,0.238480588
8.59,0.238367549
8.6,0.23825484
8.61,0.238130216
8.62,0.238012007
8.63,0.237894094
8.64,0.237776497
8.65,0.237659196
8.66,0.237542193
8.67,0.237425497
8.68,0.237309096
8.69,0.237192995
8.7,0.237077184
8.71,0.236961678
8.72,0.236846467
8.73,0.236731551
8.74,0.23661692
8.75,0.236502587
8.76,0.23638855
8.77,0.236274781
8.78,0.236161329
8.79,0.236048151
8.8,0.235935262
8.81,0.235822651
8.82,0.235710339
8.83,0.235598301
8.84,0.235486545
8.85,0.235375077
8.86,0.23526389
8.87,0.235152966
8.88,0.235042338
8.89,0.234931987
8.9,0.234821901
8.91,0.234712096
8.92,0.23460258
8.93,0.234493326
8.94,0.23438433
8.95,0.234275624
8.96,0.234167191
8.97,0.234059016
8.98,0.233951127
8.99,0.233843493
9.0,0.233736126
9.01,0.233629022
9.02,0.233522189
9.03,0.233415619
9.04,0.23330931
9.05,0.233203281
9.06,0.233097499
9.07,0.23299198
9.08,0.232886712
9.09,0.23278172
9.1,0.232676966
9.11,0.232572487
9.12,0.232468261
9.13,0.232364273
9.14,0.23226056
9.15,0.2321571
9.16,0.232053874
9.17,0.231950917
9.18,0.231848205
9.19,0.231745735
9.2,0.231643533
9.21,0.231541572
9.22,0.231439847
9.23,0.231338382
9.24,0.231237166
9.25,0.231136193
9.26,0.231035444
9.27,0.230934962
9.28,0.230834711
9.29,0.230734702
9.3,0.230634936
9.31,0.230535416
9.32,0.230436125
9.33,0.230337076
9.34,0.230238271
9.35,0.230139695
9.36,0.230041356
9.37,0.229943258
9.38,0.229845384
9.39,0.229747754
9.4,0.229650358
9.41,0.229553183
9.42,0.229456241
9.43,0.229359545
9.44,0.229263058
9.45,0.229166808
9.46,0.229070792
9.47,0.228975001
9.48,0.228879426
9.49,0.228784093
9.5,0.228688978
9.51,0.228594078
9.52,0.228499424
9.53,0.228404974
9.54,0.228310749
9.55,0.228216753
9.56,0.228122968
9.57,0.228029418
9.58,0.227936071
9.59,0.227842959
9.6,0.227750055
9.61,0.227657367
9.62,0.227564896
9.63,0.227472645
9.64,0.227380592
9.65,0.227288772
9.66,0.227197166
9.67,0.22710576
9.68,0.227014572
9.69,0.226923604
9.7,0.226832836
9.71,0.226742277
9.72,0.22665193
9.73,0.226561807
9.74,0.226471866
9.75,0.22638215
9.76,0.226292641
9.77,0.226203327
9.78,0.226114228
9.79,0.226025327
9.8,0.225936631
9.81,0.225848137
9.82,0.225759856
9.83,0.225671766
9.84,0.225583883
9.85,0.225496201
9.86,0.225408708
9.87,0.225321436
9.88,0.225234348
9.89,0.225147457
9.9,0.225060766
9.91,0.224974277
9.92,0.224887989
9.93,0.224801878
9.94,0.224715968
9.95,0.224630268
9.96,0.224544742
9.97,0.224459416
9.98,0.224374288
9.99,0.224289344
10.0,0.224204597
10.01,0.224169939
10.02,0.224132499
10.03,0.224095147
10.04,0.224057899
10.05,0.224020749
10.06,0.223983666
10.07,0.223946691
10.08,0.223909798
10.09,0.223872998
10.1,0.223836298
10.11,0.22379967
10.12,0.223763139
10.13,0.223726704
10.14,0.223690346
10.15,0.223654078
10.16,0.223617899
10.17,0.223581812
10.18,0.22354581
10.19,0.223509891
10.2,0.223474059
10.21,0.223438324
10.22,0.223402654
10.23,0.223367095
10.24,0.223331607
10.25,0.223296199
10.26,0.223260883
10.27,0.22322566
10.28,0.223190507
10.29,0.22315544
10.3,0.223120466
10.31,0.223085574
10.32,0.223050754
10.33,0.223016031
10.34,0.222981384
10.35,0.222946814
10.36,0.22291233
10.37,0.222877931
10.38,0.222843614
10.39,0.222809379
10.4,0.222775213
10.41,0.222741142
10.42,0.22270714
10.43,0.222673234
10.44,0.222639383
10.45,0.222605626
10.46,0.222571963
10.47,0.222538354
10.48,0.222504829
10.49,0.222471393
10.5,0.222438039
10.51,0.222404739
10.52,0.222371543
10.53,0.222338414
10.54,0.222305357
10.55,0.222272379
10.56,0.222239482
10.57,0.222206647
10.58,0.222173916
10.59,0.222141249
10.6,0.222108644
10.61,0.222076131
10.62,0.22204369
10.63,0.222011309
10.64,0.22197902
10.65,0.221946801
10.66,0.221914662
10.67,0.221882588
10.68,0.22185059
10.69,0.221818671
10.7,0.221786812
10.71,0.221755032
10.72,0.221723338
10.73,0.221691693
10.74,0.221660136
10.75,0.221628658
10.76,0.221597228
10.77,0.221565893
10.78,0.221534615
10.79,0.221503406
10.8,0.221472285
10.81,0.221441222
10.82,0.221410237
10.83,0.221379312
10.84,0.221348472
10.85,0.221317684
10.86,0.221286977
10.87,0.221256332
10.88,0.221225769
10.89,0.221195257
10.9,0.221164826
10.91,0.221134463
10.92,0.221104164
10.93,0.221073927
10.94,0.22104377
10.95,0.221013674
10.96,0.220983648
10.97,0.220953697
10.98,0.220923802
10.99,0.220893976
11.0,0.22086421
11.01,0.220834524
11.02,0.220804897
11.03,0.22077533
11.04,0.220745841
11.05,0.220716402
11.06,0.220687042
11.07,0.220657745
11.08,0.2206285
11.09,0.220599336
11.1,0.220570233
11.11,0.220541194
11.12,0.220512218
11.13,0.2204833
11.14,0.220454454
11.15,0.220425671
11.16,0.220396939
11.17,0.220368287
11.18,0.220339679
11.19,0.220311154
11.2,0.220282681
11.21,0.220254269
11.22,0.220225929
11.23,0.220197645
11.24,0.220169402
11.25,0.220141252
11.26,0.220113154
11.27,0.22008511
11.28,0.220057125
11.29,0.220029211
11.3,0.220001359
11.31,0.219973554
11.32,0.21994582
11.33,0.219918147
11.34,0.219890523
11.35,0.219862963
11.36,0.219835474
11.37,0.219808024
11.38,0.219780651
11.39,0.219753325
11.4,0.219726062
11.41,0.219698862
11.42,0.219671722
11.43,0.219644635
11.44,0.2196176
11.45,0.219590625
11.46,0.219563713
11.47,0.21951195
11.48,0.219481913
11.49,0.219451939
11.5,0.219422029
11.51,0.219392186
11.52,0.219362401
11.53,0.219332669
11.54,0.219303013
11.55,0.219273417
11.56,0.219243875
11.57,0.219214397
11.58,0.219184975
11.59,0.219155616
11.6,0.219126323
11.61,0.219097087
11.62,0.219067917
11.63,0.219038787
11.64,0.219009736
11.65,0.218980748
11.66,0.218951803
11.67,0.218922933
11.68,0.218894113
11.69,0.218865339
11.7,0.218836653
11.71,0.218808019
11.72,0.218779425
11.73,0.218750893
11.74,0.218722441
11.75,0.218694032
11.76,0.218665674
11.77,0.218637385
11.78,0.21860915
11.79,0.218580965
11.8,0.218552854
11.81,0.218524787
11.82,0.218496779
11.83,0.218468834
11.84,0.218440938
11.85,0.218413096
11.86,0.218385324
11.87,0.218357594
11.88,0.218329927
11.89,0.218302318
11.9,0.218274762
11.91,0.218247254
11.92,0.218219809
11.93,0.218192421
11.94,0.218165086
11.95,0.218137799
11.96,0.218110574
11.97,0.218083412
11.98,0.218056286
11.99,0.218029226
12.0,0.21800222
12.01,0.217975264
12.02,0.217948366
12.03,0.217921514
12.04,0.217894728
12.05,0.217867983
12.06,0.217841301
12.07,0.217814668
12.08,0.217788082
12.09,0.217761551
12.1,0.217735082
12.11,0.217708654
12.12,0.217682285
12.13,0.217655973
12.14,0.217629705
12.15,0.217603493
12.16,0.217577331
12.17,0.217551213
12.18,0.217525156
12.19,0.217499154
12.2,0.217473201
12.21,0.217447293
12.22,0.217421439
12.23,0.217395634
12.24,0.217369875
12.25,0.217344185
12.26,0.217318538
12.27,0.21729293
12.28,0.217267386
12.29,0.217241876
12.3,0.217216424
12.31,0.217191032
12.32,0.217165678
12.33,0.217140372
12.34,0.217115124
12.35,0.217089925
12.36,0.217064778
12.37,0.217039659
12.38,0.217014609
12.39,0.216989602
12.4,0.216964642
12.41,0.216939733
12.42,0.216914874
12.43,0.216890057
12.44,0.216865301
12.45,0.216840578
12.46,0.216815903
12.47,0.216791288
12.48,0.216766711
12.49,0.216742186
12.5,0.216717702
12.51,0.216693276
12.52,0.2166689
12.53,0.216644556
12.54,0.216620269
12.55,0.216596022
12.56,0.216571817
12.57,0.216547678
12.58,0.216523566
12.59,0.216499514
12.6,0.216475497
12.61,0.216451537
12.62,0.216427608
12.63,0.216403743
12.64,0.216379913
12.65,0.21635612
12.66,0.216332393
12.67,0.216308699
12.68,0.21628505
12.69,0.216261443
12.7,0.216237889
12.71,0.216214386
12.72,0.216190912
12.73,0.216167488
12.74,0.216144119
12.75,0.216120773
12.76,0.216097483
12.77,0.216074247
12.78,0.216051035
12.79,0.216027877
12.8,0.216004768
12.81,0.215981688
12.82,0.215958662
12.83,0.215935685
12.84,0.215912747
12.85,0.215889846
12.86,0.215866995
12.87,0.215844188
12.88,0.215821423
12.89,0.215798687
12.9,0.215776018
12.91,0.215753363
12.92,0.215730771
12.93,0.215708217
12.94,0.215685706
12.95,0.215663238
12.96,0.215640813
12.97,0.215618435
12.98,0.215596084
12.99,0.215573781
13.0,0.215551521
13.01,0.215529302
13.02,0.215507127
13.03,0.215484987
13.04,0.215462886
13.05,0.215440836
13.06,0.215418829
13.07,0.215396852
13.08,0.215374923
13.09,0.215353031
13.1,0.215331173
13.11,0.215309366
13.12,0.215287608
13.13,0.215265875
13.14,0.215244177
13.15,0.21522254
13.16,0.215200927
13.17,0.215179352
13.18,0.215157835
13.19,0.215136341
13.2,0.215114886
13.21,0.215093478
13.22,0.215072115
13.23,0.215050779
13.24,0.215029489
13.25,0.215008233
13.26,0.214987016
13.27,0.214965844
13.28,0.214944708
13.29,0.214923617
13.3,0.214902554
13.31,0.214881533
13.32,0.214860558
13.33,0.214839612
13.34,0.214818708
13.35,0.214797839
13.36,0.214777009
13.37,0.214756222
13.38,0.214735467
13.39,0.21471475
13.4,0.214694069
13.41,0.21467344
13.42,0.214652826
13.43,0.214632268
13.44,0.214611745
13.45,0.214591253
13.46,0.214570797
13.47,0.214550377
13.48,0.21453
13.49,0.214509657
13.5,0.214489349
13.51,0.214469083
13.52,0.214448853
13.53,0.214428655
13.54,0.214408501
13.55,0.21438837
13.56,0.214368285
13.57,0.214348242
13.58,0.214328223
13.59,0.214308247
13.6,0.214288304
13.61,0.214268393
13.62,0.214248526
13.63,0.214228691
13.64,0.214208891
13.65,0.214189123
13.66,0.214169398
13.67,0.214149706
13.68,0.214130046
13.69,0.214110429
13.7,0.214090832
13.71,0.21407128
13.72,0.214051759
13.73,0.214032283
13.74,0.214012827
13.75,0.213993414
13.76,0.21397404
13.77,0.2139547
13.78,0.213935383
13.79,0.213916108
13.8,0.213896863
13.81,0.21387766
13.82,0.213858477
13.83,0.213839347
13.84,0.213820229
13.85,0.213801162
13.86,0.213782126
13.87,0.213763123
13.88,0.21374415
13.89,0.213725216
13.9,0.213706314
13.91,0.213687436
13.92,0.213668607
13.93,0.213649797
13.94,0.213631019
13.95,0.213612281
13.96,0.213593583
13.97,0.213574907
13.98,0.213556273
13.99,0.213537656
14.0,0.213519092
14.01,0.213500545
14.02,0.213482031
14.03,0.213463557
14.04,0.213445111
14.05,0.213426707
14.06,0.213408323
14.07,0.213389978
14.08,0.213371652
14.09,0.213353376
14.1,0.213335121
14.11,0.213316903
14.12,0.213298717
14.13,0.213280559
14.14,0.213262431
14.15,0.213244333
14.16,0.213226272
14.17,0.213208241
14.18,0.21319024
14.19,0.213172278
14.2,0.213154343
14.21,0.21313643
14.22,0.213118555
14.23,0.213100716
14.24,0.213082898
14.25,0.213065118
14.26,0.213047366
14.27,0.213029644
14.28,0.213011948
14.29,0.212994293
14.3,0.212976666
14.31,0.212959066
14.32,0.212941494
14.33,0.212923962
14.34,0.212906449
14.35,0.21288897
14.36,0.212871521
14.37,0.2128541
14.38,0.212836719
14.39,0.212819362
14.4,0.212802023
14.41,0.212784724
14.42,0.212767459
14.43,0.212750214
14.44,0.212733006
14.45,0.212715825
14.46,0.212698673
14.47,0.212681547
14.48,0.212664449
14.49,0.212647387
14.5,0.212630362
14.51,0.212613355
14.52,0.212596374
14.53,0.212579421
14.54,0.212562493
14.55,0.212545604
14.56,0.212528749
14.57,0.212511912
14.58,0.212495113
14.59,0.212478329
14.6,0.212461582
14.61,0.212444861
14.62,0.212428168
14.63,0.212411509
14.64,0.212394877
14.65,0.212378271
14.66,0.212361682
14.67,0.212345138
14.68,0.212328613
14.69,0.212312121
14.7,0.212295655
14.71,0.212279215
14.72,0.212262791
14.73,0.212246415
14.74,0.212230051
14.75,0.212213725
14.76,0.212197423
14.77,0.212181158
14.78,0.212164906
14.79,0.212148681
14.8,0.212132482
14.81,0.212116319
14.82,0.21210018
14.83,0.212084074
14.84,0.212067988
14.85,0.212051924
14.86,0.212035895
14.87,0.212019891
14.88,0.212003912
14.89,0.211987959
14.9,0.211972038
14.91,0.211956146
14.92,0.211940255
14.93,0.21192442
14.94,0.211908601
14.95,0.211892814
14.96,0.211877041
14.97,0.211861305
14.98,0.211845583
14.99,0.211829895
15.0,0.211814229
15.01,0.2117986
15.02,0.211782984
15.03,0.211767404
15.04,0.211751836
15.05,0.211736303
15.06,0.211720792
15.07,0.211705316
15.08,0.211689863
15.09,0.211674437
15.1,0.211659024
15.11,0.211643643
15.12,0.211628285
15.13,0.211612953
15.14,0.211597654
15.15,0.211582376
15.16,0.211567122
15.17,0.211551883
15.18,0.211536678
15.19,0.211521504
15.2,0.211506345
15.21,0.211491217
15.22,0.211476116
15.23,0.211461035
15.24,0.211445967
15.25,0.211430944
15.26,0.211415932
15.27,0.211400953
15.28,0.211386
15.29,0.211371065
15.3,0.211356145
15.31,0.211341268
15.32,0.211326405
15.33,0.211311562
15.34,0.211296753
15.35,0.211281977
15.36,0.211267202
15.37,0.211252461
15.38,0.211237739
15.39,0.211223053
15.4,0.211208388
15.41,0.211193736
15.42,0.211179125
15.43,0.211164506
15.44,0.21114994
15.45,0.211135385
15.46,0.211120863
15.47,0.211106363
15.48,0.211091885
15.49,0.211077418
15.5,0.211062982
15.51,0.211048571
15.52,0.211034187
15.53,0.211019819
15.54,0.211005481
15.55,0.210991163
15.56,0.210976858
15.57,0.210962585
15.58,0.210948342
15.59,0.210934114
15.6,0.210919914
15.61,0.210905734
15.62,0.210891568
15.63,0.210877434
15.64,0.210863318
15.65,0.210849225
15.66,0.210835164
15.67,0.210821112
15.68,0.210807083
15.69,0.210793084
15.7,0.210779103
15.71,0.210765148
15.72,0.210751221
15.73,0.210737306
15.74,0.21072342
15.75,0.210709535
15.76,0.210695691
15.77,0.210681869
15.78,0.210668076
15.79,0.210654293
15.8,0.210640531
15.81,0.210626792
15.82,0.21061307
15.83,0.210599379
15.84,0.210585707
15.85,0.210572059
15.86,0.21055843
15.87,0.21054483
15.88,0.21053123
15.89,0.210517672
15.9,0.210504132
15.91,0.210490602
15.92,0.210477103
15.93,0.210463624
15.94,0.210450163
15.95,0.210436724
15.96,0.210423304
15.97,0.210409914
15.98,0.210396544
15.99,0.210383195
16.0,0.210369862
16.01,0.210356541
16.02,0.21034325
16.03,0.210329986
16.04,0.210316735
16.05,0.21030351
16.06,0.210290305
16.07,0.210277101
16.08,0.210263935
16.09,0.210250799
16.1,0.210237672
16.11,0.210224566
16.12,0.210211475
16.13,0.210198407
16.14,0.210185365
16.15,0.210172343
16.16,0.210159342
16.17,0.210146359
16.18,0.210133394
16.19,0.210120457
16.2,0.210107521
16.21,0.210094624
16.22,0.210081733
16.23,0.210068872
16.24,0.210056031
16.25,0.210043207
16.26,0.210030393
16.27,0.210017618
16.28,0.210004849
16.29,0.209992102
16.3,0.209979381
16.31,0.209966679
16.32,0.209953984
16.33,0.209941318
16.34,0.20992866
16.35,0.209916041
16.36,0.209903432
16.37,0.209890848
16.38,0.209878275
16.39,0.209865719
16.4,0.20985318
16.41,0.20984067
16.42,0.209828179
16.43,0.209815703
16.44,0.209803259
16.45,0.209790809
16.46,0.209778388
16.47,0.209765997
16.48,0.20975362
16.49,0.209741253
16.5,0.209728913
16.51,0.209716592
16.52,0.209704279
16.53,0.209692002
16.54,0.209679732
16.55,0.209667481
16.56,0.209655258
16.57,0.209643041
16.58,0.209630841
16.59,0.20961867
16.6,0.209606515
16.61,0.209594376
16.62,0.209582258
16.63,0.209570155
16.64,0.209558082
16.65,0.209546
16.66,0.20953396
16.67,0.209521927
16.68,0.209509919
16.69,0.20949793
16.7,0.209485957
16.71,0.20947399
16.72,0.209462061
16.73,0.20945014
16.74,0.209438236
16.75,0.209426356
16.76,0.209414486
16.77,0.20940263
16.78,0.209390801
16.79,0.209378989
16.8,0.209367196
16.81,0.209355417
16.82,0.209343656
16.83,0.20933191
16.84,0.209320184
16.85,0.209308469
16.86,0.209296784
16.87,0.209285105
16.88,0.209273452
16.89,0.209261815
16.9,0.209250184
16.91,0.209238582
16.92,0.209227004
16.93,0.209215431
16.94,0.209203877
16.95,0.209192347
16.96,0.209180825
16.97,0.209169318
16.98,0.209157837
16.99,0.209146362
17.0,0.209134914
17.01,0.20912348
17.02,0.209112062
17.03,0.209100664
17.04,0.209089276
17.05,0.209077908
17.06,0.209066564
17.07,0.209055235
17.08,0.209043912
17.09,0.209032617
17.1,0.209021325
17.11,0.209010061
17.12,0.208998812
17.13,0.208987578
17.14,0.20897636
17.15,0.208965166
17.16,0.208953967
17.17,0.208942806
17.18,0.20893165
17.19,0.208920518
17.2,0.208909401
17.21,0.208898302
17.22,0.208887207
17.23,0.208876137
17.24,0.208865082
17.25,0.208854042
17.26,0.208843017
17.27,0.208832019
17.28,0.208821023
17.29,0.208810044
17.3,0.208799091
17.31,0.208788142
17.32,0.208777217
17.33,0.208766307
17.34,0.208755415
17.35,0.208744525
17.36,0.208733659
17.37,0.208722821
17.38,0.208711984
17.39,0.208701174
17.4,0.208690369
17.41,0.208679589
17.42,0.208668803
17.43,0.208658052
17.44,0.208647313
17.45,0.208636591
17.46,0.208625884
17.47,0.208615191
17.48,0.208604504
17.49,0.208593839
17.5,0.208583198
17.51,0.208572563
17.52,0.208561953
17.53,0.208551346
17.54,0.208540754
17.55,0.208530186
17.56,0.208519631
17.57,0.208509092
17.58,0.208498559
17.59,0.208488056
17.6,0.208477559
17.61,0.208467067
17.62,0.208456598
17.63,0.208446155
17.64,0.208435714
17.65,0.208425296
17.66,0.208414894
17.67,0.208404484
17.68,0.208394111
17.69,0.208383749
17.7,0.208373403
17.71,0.20836307
17.72,0.20835275
17.73,0.208342444
17.74,0.208332145
17.75,0.208321874
17.76,0.208311609
17.77,0.20830137
17.78,0.208291133
17.79,0.208280919
17.8,0.20827071
17.81,0.208260523
17.82,0.208250339
17.83,0.20824018
17.84,0.208230035
17.85,0.208219904
17.86,0.208209785
17.87,0.208199677
17.88,0.208189585
17.89,0.208179517
17.9,0.208169452
17.91,0.208159398
17.92,0.208149372
17.93,0.208139344
17.94,0.208129343
17.95,0.208119342
17.96,0.208109377
17.97,0.208099402
17.98,0.208089464
17.99,0.208079516
18.0,0.208069592
18.01,0.208059682
18.02,0.208049784
18.03,0.20803991
18.04,0.208030037
18.05,0.20802019
18.06,0.208010332
18.07,0.208000509
18.08,0.207990698
18.09,0.207980899
18.1,0.207971115
18.11,0.207961342
18.12,0.207951574
18.13,0.207941828
18.14,0.207932093
18.15,0.207922373
18.16,0.207912663
18.17,0.207902976
18.18,0.207893294
18.19,0.207883623
18.2,0.207873975
18.21,0.207864328
18.22,0.207854705
18.23,0.207845093
18.24,0.207835495
18.25,0.207825889
18.26,0.207816315
18.27,0.207806753
18.28,0.207797215
18.29,0.207787676
18.3,0.207778151
18.31,0.20776864
18.32,0.207759141
18.33,0.20774965
18.34,0.207740187
18.35,0.207730732
18.36,0.20772128
18.37,0.20771185
18.38,0.207702425
18.39,0.207693008
18.4,0.207683625
18.41,0.207674233
18.42,0.207664875
18.43,0.207655517
18.44,0.207646162
18.45,0.207636828
18.46,0.207627506
18.47,0.207618196
18.48,0.207608908
18.49,0.207599623
18.5,0.207590358
18.51,0.207581095
18.52,0.207571844
18.53,0.207562614
18.54,0.207553398
18.55,0.207544193
18.56,0.207534996
18.57,0.207525805
18.58,0.207516633
18.59,0.207507474
18.6,0.207498326
18.61,0.20748919
18.62,0.207480063
18.63,0.207470951
18.64,0.207461849
18.65,0.207452768
18.66,0.207443688
18.67,0.207434631
18.68,0.207425576
18.69,0.20741654
18.7,0.207407507
18.71,0.207398493
18.72,0.207389492
18.73,0.207380501
18.74,0.207371522
18.75,0.207362556
18.76,0.207353589
18.77,0.207344644
18.78,0.207335708
18.79,0.207326795
18.8,0.207317884
18.81,0.207308983
18.82,0.207300101
18.83,0.207291213
18.84,0.207282355
18.85,0.207273508
18.86,0.207264663
18.87,0.207255837
18.88,0.207247023
18.89,0.207238208
18.9,0.207229415
18.91,0.207220625
18.92,0.207211863
18.93,0.207203102
18.94,0.207194354
18.95,0.207185615
18.96,0.207176877
18.97,0.207168169
18.98,0.207159464
18.99,0.207150767
19.0,0.207142092
19.01,0.207133416
19.02,0.207124751
19.03,0.207116107
19.04,0.207107476
19.05,0.207098843
19.06,0.207090231
19.07,0.207081629
19.08,0.207073027
19.09,0.207064447
19.1,0.207055876
19.11,0.207047315
19.12,0.207038767
19.13,0.207030227
19.14,0.207021709
19.15,0.207013181
19.16,0.207004673
19.17,0.206996185
19.18,0.206987696
19.19,0.206979219
19.2,0.206970759
19.21,0.206962303
19.22,0.206953855
19.23,0.206945429
19.24,0.206937012
19.25,0.206928605
19.26,0.206920198
19.27,0.206911811
19.28,0.206903424
19.29,0.206895058
19.3,0.2068867
19.31,0.206878355
19.32,0.206870026
19.33,0.2068617
19.34,0.206853373
19.35,0.206845076
19.36,0.206836778
19.37,0.20682849
19.38,0.206820222
19.39,0.206811956
19.4,0.206803696
19.41,0.206795449
19.42,0.206787219
19.43,0.206779001
19.44,0.206770792
19.45,0.206762581
19.46,0.206754391
19.47,0.206746201
19.48,0.20673803
19.49,0.206729869
19.5,0.206721719
19.51,0.206713576
19.52,0.206705453
19.53,0.206697321
19.54,0.206689206
19.55,0.206681101
19.56,0.206673018
19.57,0.206664933
19.58,0.206656856
19.59,0.2066488
19.6,0.206640734
19.61,0.206632694
19.62,0.206624666
19.63,0.206616637
19.64,0.206608628
19.65,0.206600627
19.66,0.206592626
19.67,0.206584633
19.68,0.206576662
19.69,0.206568698
19.7,0.206560743
19.71,0.206552797
19.72,0.206544863
19.73,0.206536925
19.74,0.206529015
19.75,0.206521106
19.76,0.206513207
19.77,0.206505315
19.78,0.206497445
19.79,0.206489561
19.8,0.206481707
19.81,0.206473852
19.82,0.206466017
19.83,0.206458178
19.84,0.206450361
19.85,0.20644254
19.86,0.206434731
19.87,0.206426938
19.88,0.206419156
19.89,0.206411382
19.9,0.206403605
19.91,0.20639585
19.92,0.2063881
19.93,0.206380362
19.94,0.206372633
19.95,0.20636491
19.96,0.206357197
19.97,0.206349494
19.98,0.206341786
19.99,0.20633411
20.0,0.20632643
20.01,0.206318762
20.02,0.206311111
20.03,0.206303457
20.04,0.206295813
20.05,0.206288176
20.06,0.20628056
20.07,0.206272939
20.08,0.20626534
20.09,0.206257738
20.1,0.206250152
20.11,0.206242568
20.12,0.206235001
20.13,0.206227442
20.14,0.206219893
20.15,0.20621235
20.16,0.206204806
20.17,0.206197282
20.18,0.206189764
20.19,0.206182255
20.2,0.206174754
20.21,0.206167262
20.22,0.206159788
20.23,0.206152311
20.24,0.206144833
20.25,0.206137373
20.26,0.206129932
20.27,0.206122487
20.28,0.206115051
20.29,0.206107635
20.3,0.206100214
20.31,0.206092804
20.32,0.206085411
20.33,0.206078025
20.34,0.206070638
20.35,0.206063268
20.36,0.206055905
20.37,0.206048531
20.38,0.206041185
20.39,0.206033849
20.4,0.206026519
20.41,0.206019197
20.42,0.20601188
20.43,0.206004564
20.44,0.205997265
20.45,0.205989975
20.46,0.205982701
20.47,0.205975426
20.48,0.205968157
20.49,0.205960889
20.5,0.205953646
20.51,0.2059464
20.52,0.205939163
20.53,0.205931943
20.54,0.205924722
20.55,0.205917517
20.56,0.205910301
20.57,0.20590311
20.58,0.20589592
20.59,0.205888747
20.6,0.20588157
20.61,0.20587441
20.62,0.20586725
20.63,0.205860105
20.64,0.205852969
20.65,0.20584584
20.66,0.205838718
20.67,0.205831602
20.68,0.205824486
20.69,0.205817377
20.7,0.205810294
20.71,0.205803209
20.72,0.20579613
20.73,0.20578906
20.74,0.205781999
20.75,0.205774931
20.76,0.205767883
20.77,0.205760852
20.78,0.205753817
20.79,0.205746791
20.8,0.205739781
20.81,0.205732768
20.82,0.205725762
20.83,0.205718764
20.84,0.205711783
20.85,0.205704797
20.86,0.205697831
20.87,0.20569087
20.88,0.205683899
20.89,0.205676953
20.9,0.205670004
20.91,0.205663072
20.92,0.205656146
20.93,0.205649228
20.94,0.205642308
20.95,0.205635403
20.96,0.205628505
20.97,0.205621616
20.98,0.205614732
20.99,0.205607846
21.0,0.205600974
21.01,0.205594113
21.02,0.205587255
21.03,0.205580408
21.04,0.205573566
21.05,0.205566728
21.06,0.20555991
21.07,0.205553078
21.08,0.205546272
21.09,0.205539465
21.1,0.205532662
21.11,0.205525866
21.12,0.205519086
21.13,0.205512305
21.14,0.205505528
21.15,0.20549876
21.16,0.205492008
21.17,0.205485262
21.18,0.205478513
21.19,0.205471779
21.2,0.205465044
21.21,0.205458313
21.22,0.2054516
21.23,0.205444893
21.24,0.205438193
21.25,0.2054315
21.26,0.205424802
21.27,0.205418113
21.28,0.205411448
21.29,0.20540477
21.3,0.205398116
21.31,0.205391452
21.32,0.205384812
21.33,0.205378161
21.34,0.205371525
21.35,0.205364893
21.36,0.20535827
21.37,0.205351651
21.38,0.205345051
21.39,0.205338436
21.4,0.205331847
21.41,0.205325255
21.42,0.205318668
21.43,0.205312086
21.44,0.205305522
21.45,0.205298954
21.46,0.205292393
21.47,0.205285849
21.48,0.205279298
21.49,0.205272764
21.5,0.205266227
21.51,0.205259706
21.52,0.205253179
21.53,0.205246659
21.54,0.205240156
21.55,0.205233659
21.56,0.205227158
21.57,0.205220671
21.58,0.205214183
21.59,0.20520771
21.6,0.205201242
21.61,0.205194779
21.62,0.205188324
21.63,0.205181874
21.64,0.20517543
21.65,0.205168982
21.66,0.205162547
21.67,0.205156121
21.68,0.2051497
21.69,0.205143284
21.7,0.205136875
21.71,0.205130471
21.72,0.205124073
21.73,0.205117681
21.74,0.205111295
21.75,0.205104925
21.76,0.20509855
21.77,0.20509219
21.78,0.205085817
21.79,0.205079458
21.8,0.205073117
21.81,0.205066769
21.82,0.205060438
21.83,0.205054101
21.84,0.205047772
21.85,0.205041458
21.86,0.205035139
21.87,0.205028833
21.88,0.205022536
21.89,0.205016234
21.9,0.205009946
21.91,0.205003653
21.92,0.204997368
21.93,0.204991097
21.94,0.204984832
21.95,0.204978572
21.96,0.204972317
21.97,0.204966058
21.98,0.204959814
21.99,0.204953576
22.0,0.204947342
22.01,0.204941113
22.02,0.204934891
22.03,0.204928664
22.04,0.204922454
22.05,0.204916245
22.06,0.204910044
22.07,0.204903849
22.08,0.204897657
22.09,0.20489148
22.1,0.20488529
22.11,0.204879116
22.12,0.204872945
22.13,0.204866789
22.14,0.20486063
22.15,0.204854474
22.16,0.204848324
22.17,0.204842179
22.18,0.204836051
22.19,0.204829915
22.2,0.204823786
22.21,0.204817671
22.22,0.204811563
22.23,0.204805438
22.24,0.204799339
22.25,0.204793245
22.26,0.204787144
22.27,0.204781059
22.28,0.20477497
22.29,0.204768886
22.3,0.204762816
22.31,0.204756751
22.32,0.204750692
22.33,0.204744625
22.34,0.204738575
22.35,0.20473252
22.36,0.20472648
22.37,0.204720444
22.38,0.204714413
22.39,0.204708386
22.4,0.204702356
22.41,0.204696339
22.42,0.204690327
22.43,0.204684309
22.44,0.204678316
22.45,0.204672319
22.46,0.204666327
22.47,0.204660338
22.48,0.204654344
22.49,0.204648366
22.5,0.204642391
22.51,0.204636431
22.52,0.204630465
22.53,0.204624504
22.54,0.204618551
22.55,0.204612597
22.56,0.204606651
22.57,0.204600719
22.58,0.204594782
22.59,0.204588849
22.6,0.20458293
22.61,0.204576995
22.62,0.204571086
22.63,0.204565171
22.64,0.204559269
22.65,0.204553364
22.66,0.204547471
22.67,0.204541573
22.68,0.204535681
22.69,0.204529801
22.7,0.204523919
22.71,0.204518047
22.72,0.204512182
22.73,0.204506311
22.74,0.204500444
22.75,0.204494591
22.76,0.204488741
22.77,0.204482888
22.78,0.20447705
22.79,0.204471214
22.8,0.204465373
22.81,0.204459545
22.82,0.204453721
22.83,0.204447904
22.84,0.20444208
22.85,0.204436269
22.86,0.204430464
22.87,0.20442465
22.88,0.204418863
22.89,0.204413069
22.9,0.204407271
22.91,0.204401496
22.92,0.204395714
22.93,0.204389926
22.94,0.204401558
22.95,0.204396488
22.96,0.204391431
22.97,0.20438637
22.98,0.204381314
22.99,0.204376264
23.0,0.204371216
23.01,0.204366175
23.02,0.204361138
23.03,0.204356106
23.04,0.204351091
23.05,0.204346069
23.06,0.204341053
23.07,0.204336041
23.08,0.204331034
23.09,0.204326043
23.1,0.204321044
23.11,0.204316062
23.12,0.204311075
23.13,0.204306094
23.14,0.204301116
23.15,0.204296151
23.16,0.204291184
23.17,0.204286231
23.18,0.204281282
23.19,0.20427633
23.2,0.204271379
23.21,0.204266446
23.22,0.204261517
23.23,0.204256584
23.24,0.204251663
23.25,0.204246738
23.26,0.204241829
23.27,0.204236913
23.28,0.204232013
23.29,0.204227118
23.3,0.204222226
23.31,0.20421734
23.32,0.204212448
23.33,0.204207571
23.34,0.204202699
23.35,0.204197831
23.36,0.204192959
23.37,0.204188102
23.38,0.204183248
23.39,0.2041784
23.4,0.204173555
23.41,0.204168716
23.42,0.204163882
23.43,0.204159051
23.44,0.204154216
23.45,0.204149394
23.46,0.204144581
23.47,0.204139768
23.48,0.204134962
23.49,0.204130168
23.5,0.204125372
23.51,0.204120578
23.52,0.20411579
23.53,0.204111006
23.54,0.204106226
23.55,0.204101453
23.56,0.204096692
23.57,0.204091917
23.58,0.204087165
23.59,0.204082408
23.6,0.204077668
23.61,0.20407292
23.62,0.204068177
23.63,0.204063449
23.64,0.204058707
23.65,0.204053986
23.66,0.204049261
23.67,0.204044551
23.68,0.204039834
23.69,0.204035133
23.7,0.204030427
23.71,0.204025724
23.72,0.204021037
23.73,0.204016345
23.74,0.204011666
23.75,0.20400698
23.76,0.20400231
23.77,0.203997635
23.78,0.203992973
23.79,0.203988306
23.8,0.203983655
23.81,0.203979007
23.82,0.203974362
23.83,0.203969714
23.84,0.20396507
23.85,0.203960438
23.86,0.203955812
23.87,0.203951191
23.88,0.203946574
23.89,0.203941951
23.9,0.203937342
23.91,0.203932738
23.92,0.203928139
23.93,0.203923534
23.94,0.203918941
23.95,0.203914356
23.96,0.203909772
23.97,0.203905195
23.98,0.203900621
23.99,0.203896051
24.0,0.203891485
24.01,0.203886924
24.02,0.203882357
24.03,0.203877805
24.04,0.203873258
24.05,0.203868714
24.06,0.203864183
24.07,0.203859647
24.08,0.203855117
24.09,0.20385058
24.1,0.203846057
24.11,0.203841551
24.12,0.203837034
24.13,0.203832525
24.14,0.20382802
24.15,0.203823519
24.16,0.203819021
24.17,0.203814538
24.18,0.203810049
24.19,0.203805564
24.2,0.203801082
24.21,0.203796606
24.22,0.203792145
24.23,0.203787675
24.24,0.203783213
24.25,0.203778763
24.26,0.203774307
24.27,0.203769865
24.28,0.203765408
24.29,0.203760974
24.3,0.203756535
24.31,0.203752111
24.32,0.203747679
24.33,0.203743264
24.34,0.20373884
24.35,0.203734422
24.36,0.203730016
24.37,0.203725607
24.38,0.20372121
24.39,0.203716818
24.4,0.20371242
24.41,0.203708036
24.42,0.203703645
24.43,0.203699269
24.44,0.203694887
24.45,0.203690519
24.46,0.203686155
24.47,0.203681785
24.48,0.20367743
24.49,0.203673066
24.5,0.203668719
24.51,0.203664376
24.52,0.203660036
24.53,0.203655689
24.54,0.203651357
24.55,0.20364703
24.56,0.203642706
24.57,0.203638387
24.58,0.20363407
24.59,0.203629749
24.6,0.20362544
24.61,0.203621127
24.62,0.203616826
24.63,0.20361254
24.64,0.203608237
24.65,0.203603948
24.66,0.203599665
24.67,0.203595384
24.68,0.203591107
24.69,0.203586834
24.7,0.203582567
24.71,0.203578301
24.72,0.203574041
24.73,0.203569773
24.74,0.203565529
24.75,0.203561279
24.76,0.203557035
24.77,0.203552792
24.78,0.203548555
24.79,0.20354432
24.8,0.203540091
24.81,0.203535864
24.82,0.203531642
24.83,0.203527423
24.84,0.203523221
24.85,0.203519009
24.86,0.203514803
24.87,0.203510598
24.88,0.203506399
24.89,0.203502213
24.9,0.203498021
24.91,0.203493834
24.92,0.20348965
24.93,0.203485469
24.94,0.203481302
24.95,0.20347713
24.96,0.203472961
24.97,0.203468804
24.98,0.203464642
24.99,0.203460486
